{"business_id": "vcNAWiLM4dR7D2nwwJ7nCA", "full_address": "4840 E Indian School Rd\nSte 101\nPhoenix, AZ 85018", "hours": {"Tuesday": {"close": "17:00", "open": "08:00"}, "Friday": {"close": "17:00", "open": "08:00"}, "Monday": {"close": "17:00", "open": "08:00"}, "Wednesday": {"close": "17:00", "open": "08:00"}, "Thursday": {"close": "17:00", "open": "08:00"}}, "open": true, "categories": ["Doctors", "Health & Medical"], "city": "Phoenix", "review_count": 7, "name": "Eric Goldberg, MD", "neighborhoods": [], "longitude": -111.98375799999999, "state": "AZ", "stars": 3.5, "latitude": 33.499313000000001, "attributes": {"By Appointment Only": true}, "type": "business"}
{"business_id": "JwUE5GmEO-sH1FuwJgKBlQ", "full_address": "6162 US Highway 51\nDe Forest, WI 53532", "hours": {}, "open": true, "categories": ["Restaurants"], "city": "De Forest", "review_count": 26, "name": "Pine Cone Restaurant", "neighborhoods": [], "longitude": -89.335843999999994, "state": "WI", "stars": 4.0, "latitude": 43.238892999999997, "attributes": {"Take-out": true, "Good For": {"dessert": false, "latenight": false, "lunch": true, "dinner": false, "breakfast": false, "brunch": false}, "Caters": false, "Noise Level": "average", "Takes Reservations": false, "Delivery": false, "Ambience": {"romantic": false, "intimate": false, "touristy": false, "hipster": false, "divey": false, "classy": false, "trendy": false, "upscale": false, "casual": false}, "Parking": {"garage": false, "street": false, "validated": false, "lot": true, "valet": false}, "Has TV": true, "Outdoor Seating": false, "Attire": "casual", "Alcohol": "none", "Waiter Service": true, "Accepts Credit Cards": true, "Good for Kids": true, "Good For Groups": true, "Price Range": 1}, "type": "business"}
{"business_id": "uGykseHzyS5xAMWoN6YUqA", "full_address": "505 W North St\nDe Forest, WI 53532", "hours": {"Monday": {"close": "22:00", "open": "06:00"}, "Tuesday": {"close": "22:00", "open": "06:00"}, "Friday": {"close": "22:00", "open": "06:00"}, "Wednesday": {"close": "22:00", "open": "06:00"}, "Thursday": {"close": "22:00", "open": "06:00"}, "Sunday": {"close": "21:00", "open": "06:00"}, "Saturday": {"close": "22:00", "open": "06:00"}}, "open": true, "categories": ["American (Traditional)", "Restaurants"], "city": "De Forest", "review_count": 16, "name": "Deforest Family Restaurant", "neighborhoods": [], "longitude": -89.353437, "state": "WI", "stars": 4.0, "latitude": 43.252267000000003, "attributes": {"Take-out": true, "Good For": {"dessert": false, "latenight": false, "lunch": false, "dinner": false, "breakfast": false, "brunch": true}, "Caters": false, "Noise Level": "quiet", "Takes Reservations": false, "Delivery": false, "Parking": {"garage": false, "street": false, "validated": false, "lot": true, "valet": false}, "Has TV": true, "Outdoor Seating": false, "Attire": "casual", "Ambience": {"romantic": false, "intimate": false, "touristy": false, "hipster": false, "divey": false, "classy": false, "trendy": false, "upscale": false, "casual": true}, "Waiter Service": true, "Accepts Credit Cards": true, "Good for Kids": true, "Good For Groups": true, "Price Range": 1}, "type": "business"}
{"business_id": "LRKJF43s9-3jG9Lgx4zODg", "full_address": "4910 County Rd V\nDe Forest, WI 53532", "hours": {"Monday": {"close": "22:00", "open": "10:30"}, "Tuesday": {"close": "22:00", "open": "10:30"}, "Friday": {"close": "22:00", "open": "10:30"}, "Wednesday": {"close": "22:00", "open": "10:30"}, "Thursday": {"close": "22:00", "open": "10:30"}, "Sunday": {"close": "22:00", "open": "10:30"}, "Saturday": {"close": "22:00", "open": "10:30"}}, "open": true, "categories": ["Food", "Ice Cream & Frozen Yogurt", "Fast Food", "Restaurants"], "city": "De Forest", "review_count": 7, "name": "Culver's", "neighborhoods": [], "longitude": -89.374983, "state": "WI", "stars": 4.5, "latitude": 43.251044999999998, "attributes": {"Take-out": true, "Wi-Fi": "free", "Takes Reservations": false, "Delivery": false, "Parking": {"garage": false, "street": false, "validated": false, "lot": true, "valet": false}, "Wheelchair Accessible": true, "Attire": "casual", "Accepts Credit Cards": true, "Good For Groups": true, "Price Range": 1}, "type": "business"}
{"business_id": "RgDg-k9S5YD_BaxMckifkg", "full_address": "631 S Main St\nDe Forest, WI 53532", "hours": {"Monday": {"close": "22:00", "open": "11:00"}, "Tuesday": {"close": "22:00", "open": "11:00"}, "Friday": {"close": "22:30", "open": "11:00"}, "Wednesday": {"close": "22:00", "open": "11:00"}, "Thursday": {"close": "22:00", "open": "11:00"}, "Sunday": {"close": "21:00", "open": "16:00"}, "Saturday": {"close": "22:30", "open": "11:00"}}, "open": true, "categories": ["Chinese", "Restaurants"], "city": "De Forest", "review_count": 3, "name": "Chang Jiang Chinese Kitchen", "neighborhoods": [], "longitude": -89.343721700000003, "state": "WI", "stars": 4.0, "latitude": 43.2408748, "attributes": {"Take-out": true, "Has TV": false, "Outdoor Seating": false, "Attire": "casual"}, "type": "business"}
{"business_id": "oLctHIA1AxmsgOuu4dM6Vw", "full_address": "4156 County Rd B\nMc Farland, WI 53558", "hours": {}, "open": false, "categories": ["Television Stations", "Mass Media"], "city": "Mc Farland", "review_count": 10, "name": "Charter Communications", "neighborhoods": [], "longitude": -89.322919900000002, "state": "WI", "stars": 1.5, "latitude": 42.9685074, "attributes": {}, "type": "business"}
{"business_id": "ZW2WeP2Hp20tq0RG1NFkoQ", "full_address": "4709 Triangle St\nMc Farland, WI 53558", "hours": {}, "open": true, "categories": ["Home Services", "Heating & Air Conditioning/HVAC"], "city": "Mc Farland", "review_count": 4, "name": "Air Quality Systems", "neighborhoods": [], "longitude": -89.298544199999995, "state": "WI", "stars": 2.0, "latitude": 43.030356099999999, "attributes": {}, "type": "business"}
{"business_id": "95p9Xg358BezJyk1wqzzyg", "full_address": "5114 Farwell St\nMc Farland, WI 53558", "hours": {"Monday": {"close": "20:00", "open": "09:00"}, "Tuesday": {"close": "20:00", "open": "09:00"}, "Friday": {"close": "17:30", "open": "09:00"}, "Wednesday": {"close": "20:00", "open": "09:00"}, "Thursday": {"close": "20:00", "open": "09:00"}, "Sunday": {"close": "15:00", "open": "12:00"}, "Saturday": {"close": "17:30", "open": "09:00"}}, "open": true, "categories": ["Libraries", "Public Services & Government"], "city": "Mc Farland", "review_count": 4, "name": "McFarland Public Library", "neighborhoods": [], "longitude": -89.294174999999996, "state": "WI", "stars": 2.5, "latitude": 43.014093000000003, "attributes": {"Wi-Fi": "free"}, "type": "business"}
{"business_id": "rdAdANPNOcvUtoFgcaY9KA", "full_address": "4412 Siggelkow Rd\nMc Farland, WI 53558", "hours": {"Monday": {"close": "02:00", "open": "06:00"}, "Tuesday": {"close": "02:00", "open": "06:00"}, "Friday": {"close": "02:00", "open": "06:00"}, "Wednesday": {"close": "02:00", "open": "06:00"}, "Thursday": {"close": "02:00", "open": "06:00"}, "Sunday": {"close": "02:00", "open": "07:00"}, "Saturday": {"close": "02:00", "open": "07:00"}}, "open": true, "categories": ["American (Traditional)", "Restaurants"], "city": "Mc Farland", "review_count": 33, "name": "Green Lantern Restaurant", "neighborhoods": [], "longitude": -89.306134400000005, "state": "WI", "stars": 3.5, "latitude": 43.025643600000002, "attributes": {"Take-out": true, "Wi-Fi": "free", "Good For": {"dessert": false, "latenight": false, "lunch": false, "dinner": true, "brunch": false, "breakfast": false}, "Noise Level": "average", "Takes Reservations": true, "Ambience": {"romantic": false, "intimate": false, "classy": false, "hipster": false, "divey": true, "touristy": false, "trendy": false, "upscale": false, "casual": false}, "Has TV": true, "Delivery": false, "Dogs Allowed": false, "Parking": {"garage": false, "street": false, "validated": false, "lot": true, "valet": false}, "Wheelchair Accessible": true, "Outdoor Seating": false, "Attire": "casual", "Alcohol": "full_bar", "Waiter Service": true, "Accepts Credit Cards": true, "Good for Kids": true, "Good For Groups": true, "Price Range": 2}, "type": "business"}
{"business_id": "ZlhAvs_6ryi4_efZ1SpMbg", "full_address": "4811 Larson Beach Rd\nMc Farland, WI 53558", "hours": {"Monday": {"close": "18:00", "open": "07:30"}, "Tuesday": {"close": "18:00", "open": "07:30"}, "Friday": {"close": "18:00", "open": "07:30"}, "Wednesday": {"close": "18:00", "open": "07:30"}, "Thursday": {"close": "18:00", "open": "07:30"}, "Saturday": {"close": "12:00", "open": "08:00"}}, "open": true, "categories": ["Veterinarians", "Pets"], "city": "Mc Farland", "review_count": 3, "name": "Spartan Animal Hospital", "neighborhoods": [], "longitude": -89.299119000000005, "state": "WI", "stars": 4.5, "latitude": 43.017124000000003, "attributes": {}, "type": "business"}
{"business_id": "_wZTYYL7cutanzAnJUTGMA", "full_address": "4506 Larson Beach Rd\nMc Farland, WI 53558", "hours": {}, "open": true, "categories": ["Bars", "American (Traditional)", "Nightlife", "Lounges", "Restaurants"], "city": "Mc Farland", "review_count": 31, "name": "Beach House Restaurant & Lounge", "neighborhoods": [], "longitude": -89.303788999999995, "state": "WI", "stars": 3.5, "latitude": 43.017701000000002, "attributes": {"Alcohol": "full_bar", "Noise Level": "loud", "Music": {}, "Attire": "casual", "Ambience": {"romantic": false, "intimate": false, "touristy": false, "hipster": false, "divey": false, "classy": false, "trendy": false, "upscale": false, "casual": true}, "Good for Kids": true, "Wheelchair Accessible": true, "Good For Dancing": false, "Delivery": false, "Coat Check": false, "Smoking": "outdoor", "Accepts Credit Cards": true, "Take-out": true, "Price Range": 2, "Happy Hour": true, "Outdoor Seating": true, "Takes Reservations": true, "Waiter Service": true, "Wi-Fi": "no", "Caters": false, "Good For": {"dessert": false, "latenight": false, "lunch": false, "dinner": true, "breakfast": false, "brunch": false}, "Parking": {"garage": false, "street": false, "validated": false, "lot": true, "valet": false}, "Has TV": true, "Good For Groups": true}, "type": "business"}
{"business_id": "XrzTVrJAjs0yYLvhFI9vkQ", "full_address": "5508 Broadhead St\nMc Farland, WI 53558", "hours": {}, "open": true, "categories": ["Hotels & Travel", "Bed & Breakfast", "Event Planning & Services", "Hotels"], "city": "Mc Farland", "review_count": 9, "name": "Parsonage Bed & Breakfast the", "neighborhoods": [], "longitude": -89.285206000000002, "state": "WI", "stars": 5.0, "latitude": 43.015931000000002, "attributes": {"Accepts Credit Cards": true, "Wi-Fi": "free", "Price Range": 2}, "type": "business"}
{"business_id": "1tkeiIa-daD8LbM6mHm_9A", "full_address": "4711 Farwell St\nMc Farland, WI 53558", "hours": {"Monday": {"close": "02:00", "open": "11:00"}, "Tuesday": {"close": "02:00", "open": "11:00"}, "Friday": {"close": "02:30", "open": "11:00"}, "Wednesday": {"close": "02:00", "open": "11:00"}, "Thursday": {"close": "02:00", "open": "11:00"}, "Sunday": {"close": "01:00", "open": "08:00"}, "Saturday": {"close": "02:30", "open": "11:00"}}, "open": true, "categories": ["Active Life", "Bowling"], "city": "Mc Farland", "review_count": 3, "name": "Spartan Bowl", "neighborhoods": [], "longitude": -89.302164099999999, "state": "WI", "stars": 1.5, "latitude": 43.013155699999999, "attributes": {"Good for Kids": true}, "type": "business"}
{"business_id": "zOc8lbjViUZajbY7M0aUCQ", "full_address": "5813 Main St\nMc Farland, WI 53558", "hours": {"Tuesday": {"close": "22:00", "open": "16:30"}, "Sunday": {"close": "20:00", "open": "12:00"}, "Thursday": {"close": "22:00", "open": "16:30"}, "Monday": {"close": "21:00", "open": "16:30"}, "Wednesday": {"close": "22:00", "open": "16:30"}}, "open": true, "categories": ["Pizza", "Restaurants"], "city": "Mc Farland", "review_count": 4, "name": "Spartan Pizza", "neighborhoods": [], "longitude": -89.288567, "state": "WI", "stars": 3.5, "latitude": 43.014164000000001, "attributes": {"Take-out": true, "Good For": {"dessert": false, "latenight": false, "lunch": false, "dinner": false, "brunch": false, "breakfast": false}, "Caters": false, "Takes Reservations": false, "Delivery": false, "Parking": {"garage": false, "street": false, "validated": false, "lot": false, "valet": false}, "Wheelchair Accessible": false, "Outdoor Seating": false, "Attire": "casual", "Alcohol": "full_bar", "Accepts Credit Cards": true, "Good for Kids": true, "Good For Groups": false, "Price Range": 1}, "type": "business"}
{"business_id": "UgjVZTSOaYoEvws_lAP_Dw", "full_address": "4850 Larson Beach Rd\nMc Farland, WI 53558", "hours": {}, "open": true, "categories": ["Chinese", "Restaurants"], "city": "Mc Farland", "review_count": 8, "name": "Main Moon Chinese Restaurant", "neighborhoods": [], "longitude": -89.298627800000006, "state": "WI", "stars": 3.5, "latitude": 43.017938700000002, "attributes": {"Take-out": true, "Wi-Fi": "no", "Good For": {"dessert": false, "latenight": false, "lunch": false, "dinner": false, "brunch": false, "breakfast": false}, "Caters": false, "Noise Level": "average", "Takes Reservations": false, "Has TV": false, "Delivery": false, "Ambience": {"romantic": false, "intimate": false, "classy": false, "hipster": false, "divey": false, "touristy": false, "trendy": false, "upscale": false, "casual": false}, "Parking": {"garage": false, "street": false, "validated": false, "lot": false, "valet": false}, "Wheelchair Accessible": true, "Outdoor Seating": false, "Attire": "casual", "Alcohol": "none", "Waiter Service": false, "Accepts Credit Cards": true, "Good for Kids": true, "Good For Groups": true, "Price Range": 1}, "type": "business"}
{"business_id": "HxPpZSY6Q1eARuiahhra6A", "full_address": "6401 University Ave\nMiddleton, WI 53562", "hours": {}, "open": false, "categories": ["Event Planning & Services", "Party & Event Planning", "Caterers"], "city": "Middleton", "review_count": 5, "name": "Crandalls Carryout & Catering", "neighborhoods": [], "longitude": -89.491799999999998, "state": "WI", "stars": 4.0, "latitude": 43.093265000000002, "attributes": {"Take-out": true, "Caters": true, "Attire": "casual", "Good For": {"dessert": false, "latenight": false, "lunch": false, "dinner": false, "brunch": false, "breakfast": false}, "Parking": {"garage": false, "street": false, "validated": false, "lot": false, "valet": false}, "Ambience": {"romantic": false, "intimate": false, "touristy": false, "hipster": false, "divey": false, "classy": false, "trendy": false, "upscale": false, "casual": false}, "Accepts Credit Cards": true, "Good for Kids": true, "Good For Groups": false, "Price Range": 2}, "type": "business"}
{"business_id": "SKLw05kEIlZcpTD5pqma8Q", "full_address": "2039 Allen Blvd\nMiddleton, WI 53562", "hours": {"Monday": {"close": "14:00", "open": "11:00"}, "Tuesday": {"close": "14:00", "open": "11:00"}, "Friday": {"close": "21:30", "open": "16:00"}, "Wednesday": {"close": "21:30", "open": "16:00"}, "Thursday": {"close": "21:30", "open": "16:00"}, "Sunday": {"close": "21:00", "open": "16:00"}, "Saturday": {"close": "21:00", "open": "16:00"}}, "open": true, "categories": ["Party & Event Planning", "Asian Fusion", "Event Planning & Services", "Venues & Event Spaces", "Restaurants"], "city": "Middleton", "review_count": 41, "name": "Imperial Garden Chinese Restaurant", "neighborhoods": [], "longitude": -89.485168999999999, "state": "WI", "stars": 3.0, "latitude": 43.090642000000003, "attributes": {"Take-out": true, "Good For": {"dessert": false, "latenight": false, "lunch": false, "dinner": true, "brunch": false, "breakfast": false}, "Noise Level": "average", "Takes Reservations": true, "Has TV": false, "Delivery": false, "Ambience": {"romantic": false, "intimate": false, "classy": false, "hipster": false, "divey": false, "touristy": false, "trendy": false, "upscale": false, "casual": false}, "Parking": {"garage": false, "street": false, "validated": false, "lot": true, "valet": false}, "Wheelchair Accessible": true, "Outdoor Seating": false, "Attire": "casual", "Alcohol": "full_bar", "Waiter Service": true, "Accepts Credit Cards": true, "Good for Kids": true, "Good For Groups": true, "Price Range": 2}, "type": "business"}
{"business_id": "77ESrCo7hQ96VpCWWdvoxg", "full_address": "6230 University Ave\nMiddleton, WI 53562", "hours": {"Monday": {"close": "21:00", "open": "06:00"}, "Tuesday": {"close": "21:00", "open": "06:00"}, "Friday": {"close": "21:00", "open": "06:00"}, "Wednesday": {"close": "21:00", "open": "06:00"}, "Thursday": {"close": "21:00", "open": "06:00"}, "Sunday": {"close": "14:00", "open": "08:00"}, "Saturday": {"close": "21:00", "open": "06:00"}}, "open": false, "categories": ["Mexican", "Restaurants"], "city": "Middleton", "review_count": 17, "name": "Mi Cocina", "neighborhoods": [], "longitude": -89.487486700000005, "state": "WI", "stars": 3.0, "latitude": 43.0910607, "attributes": {"Take-out": true, "Wi-Fi": "no", "Good For": {"dessert": false, "latenight": false, "lunch": false, "dinner": true, "brunch": false, "breakfast": false}, "Noise Level": "average", "Good for Kids": true, "Takes Reservations": false, "Has TV": true, "Delivery": false, "Ambience": {"romantic": false, "intimate": false, "touristy": false, "hipster": false, "divey": false, "classy": false, "trendy": false, "upscale": false, "casual": true}, "Parking": {"garage": false, "street": false, "validated": false, "lot": true, "valet": false}, "Wheelchair Accessible": true, "Outdoor Seating": false, "Attire": "casual", "Alcohol": "full_bar", "Waiter Service": true, "Accepts Credit Cards": true, "Good For Kids": true, "Good For Groups": true, "Price Range": 2}, "type": "business"}
{"business_id": "9brW55Vzyi3ItboHWfoepg", "full_address": "7525 Century Ave\nMiddleton, WI 53562", "hours": {"Monday": {"close": "20:00", "open": "08:30"}, "Tuesday": {"close": "18:00", "open": "08:30"}, "Friday": {"close": "18:00", "open": "08:30"}, "Wednesday": {"close": "18:00", "open": "08:30"}, "Thursday": {"close": "18:00", "open": "08:30"}, "Saturday": {"close": "16:00", "open": "08:30"}}, "open": true, "categories": ["Auto Repair", "Automotive", "Auto Parts & Supplies", "Car Dealers"], "city": "Middleton", "review_count": 5, "name": "Zimbrick Acura", "neighborhoods": [], "longitude": -89.509978099999998, "state": "WI", "stars": 2.5, "latitude": 43.111533700000003, "attributes": {}, "type": "business"}
{"business_id": "368m5-RtrrYWf4hPM_bMlg", "full_address": "8312 Forsythia St\nMiddleton, WI 53562", "hours": {"Monday": {"close": "21:00", "open": "09:00"}, "Tuesday": {"close": "21:00", "open": "09:00"}, "Friday": {"close": "21:00", "open": "09:00"}, "Wednesday": {"close": "21:00", "open": "09:00"}, "Thursday": {"close": "21:00", "open": "09:00"}, "Sunday": {"close": "21:00", "open": "12:00"}, "Saturday": {"close": "21:00", "open": "09:00"}}, "open": true, "categories": ["Active Life", "Arts & Entertainment", "Stadiums & Arenas"], "city": "Middleton", "review_count": 3, "name": "Keva Sports Center", "neighborhoods": [], "longitude": -89.526428100000004, "state": "WI", "stars": 3.5, "latitude": 43.110157100000002, "attributes": {"Good for Kids": true}, "type": "business"}
{"business_id": "YjoSdr8uJslIebsQP6c18w", "full_address": "8402 Old Sauk Rd\nMiddleton, WI 53562", "hours": {}, "open": true, "categories": ["Pet Services", "Pets"], "city": "Middleton", "review_count": 3, "name": "Wild Birds Unlimited", "neighborhoods": [], "longitude": -89.527272999999994, "state": "WI", "stars": 4.5, "latitude": 43.077415000000002, "attributes": {"Accepts Credit Cards": true, "Price Range": 2}, "type": "business"}
{"business_id": "rKNtd_M2kWDW8sQKYzetKA", "full_address": "7790 Elmwood Ave\nMiddleton, WI 53562", "hours": {}, "open": true, "categories": ["Hotels & Travel", "Event Planning & Services", "Venues & Event Spaces", "Hotels"], "city": "Middleton", "review_count": 6, "name": "Staybridge Suites Extended Stay Hotel Middleton/Madison-West", "neighborhoods": [], "longitude": -89.516037999999995, "state": "WI", "stars": 4.5, "latitude": 43.096271000000002, "attributes": {"Accepts Credit Cards": true, "Wi-Fi": "free", "Price Range": 3}, "type": "business"}
{"business_id": "x7xS2DJvu8klyNzcpN8QHg", "full_address": "2529 Allen Blvd\nMiddleton, WI 53562", "hours": {"Monday": {"close": "00:00", "open": "00:00"}, "Tuesday": {"close": "00:00", "open": "00:00"}, "Friday": {"close": "00:00", "open": "00:00"}, "Wednesday": {"close": "00:00", "open": "00:00"}, "Thursday": {"close": "00:00", "open": "00:00"}, "Sunday": {"close": "00:00", "open": "00:00"}, "Saturday": {"close": "00:00", "open": "00:00"}}, "open": true, "categories": ["Pilates", "Yoga", "Weight Loss Centers", "Health & Medical", "Fitness & Instruction", "Active Life"], "city": "Middleton", "review_count": 5, "name": "Harbor Athletic Club", "neighborhoods": [], "longitude": -89.486082199999998, "state": "WI", "stars": 5.0, "latitude": 43.103071900000003, "attributes": {"By Appointment Only": false, "Good for Kids": true}, "type": "business"}
{"business_id": "KTqNU4plO23583DYAMGXYg", "full_address": "2411 Allen Blvd\nMiddleton, WI 53562", "hours": {}, "open": true, "categories": ["Sandwiches", "Pizza", "Chicken Wings", "Restaurants"], "city": "Middleton", "review_count": 3, "name": "Domino's Pizza", "neighborhoods": [], "longitude": -89.486218899999997, "state": "WI", "stars": 3.0, "latitude": 43.100384099999999, "attributes": {"Take-out": true, "Takes Reservations": false, "Delivery": true, "Outdoor Seating": false, "Parking": {"garage": false, "street": false, "validated": false, "lot": false, "valet": false}, "Ambience": {"romantic": false, "intimate": false, "classy": false, "hipster": false, "divey": false, "touristy": false, "trendy": false, "upscale": false, "casual": false}}, "type": "business"}
{"business_id": "cgCqxPhadIAlsqnD1MoWuQ", "full_address": "1661 Deming Way\nMiddleton, WI 53562", "hours": {"Monday": {"close": "21:00", "open": "09:30"}, "Tuesday": {"close": "21:00", "open": "09:30"}, "Friday": {"close": "21:00", "open": "09:30"}, "Wednesday": {"close": "21:00", "open": "09:30"}, "Thursday": {"close": "21:00", "open": "09:30"}, "Sunday": {"close": "18:00", "open": "11:00"}, "Saturday": {"close": "21:00", "open": "09:30"}}, "open": true, "categories": ["Shopping", "Arts & Crafts", "Event Planning & Services", "Cards & Stationery", "Art Supplies", "Flowers & Gifts"], "city": "Middleton", "review_count": 4, "name": "Archivers", "neighborhoods": [], "longitude": -89.523524600000002, "state": "WI", "stars": 3.0, "latitude": 43.0954975, "attributes": {"Parking": {"garage": false, "street": false, "validated": false, "lot": false, "valet": false}, "Accepts Credit Cards": true, "Price Range": 3}, "type": "business"}
{"business_id": "YDUB7-NgjKEFn8CERLoKXQ", "full_address": "1700 Deming Way\nMiddleton, WI 53562", "hours": {"Monday": {"close": "21:00", "open": "09:00"}, "Tuesday": {"close": "21:00", "open": "09:00"}, "Friday": {"close": "21:00", "open": "09:00"}, "Wednesday": {"close": "21:00", "open": "09:00"}, "Thursday": {"close": "21:00", "open": "09:00"}, "Sunday": {"close": "19:00", "open": "10:00"}, "Saturday": {"close": "21:00", "open": "09:00"}}, "open": true, "categories": ["Arts & Crafts", "Shopping", "Knitting Supplies", "Hobby Shops"], "city": "Middleton", "review_count": 3, "name": "Michaels", "neighborhoods": [], "longitude": -89.527702500000004, "state": "WI", "stars": 4.0, "latitude": 43.092902899999999, "attributes": {"Parking": {"garage": false, "street": true, "validated": false, "lot": true, "valet": false}, "Accepts Credit Cards": true, "Price Range": 2}, "type": "business"}
{"business_id": "x7pStpT09Tdc8d7oRU0Tmw", "full_address": "1620 Deming Way\nMiddleton, WI 53562", "hours": {"Monday": {"close": "20:00", "open": "10:00"}, "Tuesday": {"close": "20:00", "open": "10:00"}, "Friday": {"close": "20:00", "open": "10:00"}, "Wednesday": {"close": "20:00", "open": "10:00"}, "Thursday": {"close": "20:00", "open": "10:00"}, "Sunday": {"close": "17:00", "open": "12:00"}, "Saturday": {"close": "20:00", "open": "10:00"}}, "open": true, "categories": ["Women's Clothing", "Shopping Centers", "Fashion", "Shopping"], "city": "Middleton", "review_count": 7, "name": "Greenway Station Shopping Center", "neighborhoods": [], "longitude": -89.528450000000007, "state": "WI", "stars": 3.5, "latitude": 43.091816000000001, "attributes": {"Parking": {"garage": false, "street": true, "validated": false, "lot": true, "valet": false}, "Accepts Credit Cards": true, "Wheelchair Accessible": true, "Price Range": 2}, "type": "business"}
{"business_id": "1-EIdeHewfEVcpoZm38N8A", "full_address": "1901 Cayuga St\nMiddleton, WI 53562", "hours": {"Monday": {"close": "21:00", "open": "06:00"}, "Tuesday": {"close": "21:00", "open": "06:00"}, "Friday": {"close": "21:00", "open": "06:00"}, "Wednesday": {"close": "21:00", "open": "06:00"}, "Thursday": {"close": "21:00", "open": "06:00"}, "Sunday": {"close": "19:00", "open": "07:00"}, "Saturday": {"close": "21:00", "open": "06:30"}}, "open": true, "categories": ["Food", "Beer, Wine & Spirits", "Coffee & Tea"], "city": "Middleton", "review_count": 22, "name": "Barriques Wine & Spirits", "neighborhoods": [], "longitude": -89.513737000000006, "state": "WI", "stars": 4.0, "latitude": 43.096359, "attributes": {"Wi-Fi": "free", "Price Range": 1, "Outdoor Seating": true, "Parking": {"garage": false, "street": true, "validated": false, "lot": true, "valet": false}, "Accepts Credit Cards": true, "Wheelchair Accessible": true}, "type": "business"}
{"business_id": "MKsb2VpLB-0UBODcInDsSw", "full_address": "6913 University Ave\nMiddleton, WI 53562", "hours": {}, "open": true, "categories": ["Chinese", "Restaurants"], "city": "Middleton", "review_count": 12, "name": "China Wok Buffet", "neighborhoods": [], "longitude": -89.500685599999997, "state": "WI", "stars": 2.5, "latitude": 43.097048299999997, "attributes": {"Take-out": true, "Good For": {"dessert": false, "latenight": false, "lunch": false, "dinner": true, "brunch": false, "breakfast": false}, "Caters": false, "Noise Level": "quiet", "Takes Reservations": false, "Has TV": false, "Delivery": false, "Parking": {"garage": false, "street": false, "validated": false, "lot": true, "valet": false}, "Wheelchair Accessible": true, "Outdoor Seating": false, "Attire": "casual", "Ambience": {"romantic": false, "intimate": false, "touristy": false, "hipster": false, "divey": false, "classy": false, "trendy": false, "upscale": false, "casual": false}, "Waiter Service": true, "Accepts Credit Cards": true, "Good for Kids": true, "Good For Groups": true, "Price Range": 1}, "type": "business"}
{"business_id": "ShEYKerTwb2LSORE5o_s7A", "full_address": "6720 Frank Lloyd Wright Ave\nMiddleton, WI 53562", "hours": {"Monday": {"close": "15:00", "open": "07:00"}, "Tuesday": {"close": "15:00", "open": "07:00"}, "Friday": {"close": "15:00", "open": "07:00"}, "Wednesday": {"close": "15:00", "open": "07:00"}, "Thursday": {"close": "15:00", "open": "07:00"}, "Sunday": {"close": "14:00", "open": "07:00"}, "Saturday": {"close": "14:00", "open": "07:00"}}, "open": true, "categories": ["Bakeries", "Food", "Breakfast & Brunch", "Coffee & Tea", "Restaurants"], "city": "Middleton", "review_count": 38, "name": "Prairie Cafe & Bakery", "neighborhoods": [], "longitude": -89.496994999999998, "state": "WI", "stars": 3.5, "latitude": 43.107227000000002, "attributes": {"Take-out": true, "Wi-Fi": "free", "Good For": {"dessert": false, "latenight": false, "lunch": true, "dinner": false, "brunch": false, "breakfast": true}, "Caters": false, "Noise Level": "average", "Takes Reservations": false, "Ambience": {"romantic": false, "intimate": false, "touristy": false, "hipster": false, "divey": false, "classy": false, "trendy": false, "upscale": false, "casual": true}, "Has TV": false, "Delivery": false, "Dogs Allowed": false, "Parking": {"garage": false, "street": true, "validated": false, "lot": true, "valet": false}, "Wheelchair Accessible": true, "Outdoor Seating": true, "Attire": "casual", "Alcohol": "none", "Waiter Service": false, "Accepts Credit Cards": false, "Good for Kids": true, "Good For Groups": true, "Price Range": 1}, "type": "business"}
{"business_id": "HaBkx5PwvbBpQ2iNCgHnVQ", "full_address": "2401 Parmenter St\nMiddleton, WI 53562", "hours": {"Monday": {"close": "11:00", "open": "07:00"}, "Tuesday": {"close": "11:00", "open": "07:00"}, "Friday": {"close": "11:00", "open": "07:00"}, "Wednesday": {"close": "11:00", "open": "07:00"}, "Thursday": {"close": "13:00", "open": "11:00"}, "Sunday": {"close": "11:00", "open": "08:00"}, "Saturday": {"close": "11:00", "open": "08:00"}}, "open": true, "categories": ["Bars", "American (New)", "Nightlife", "Restaurants"], "city": "Middleton", "review_count": 11, "name": "Paul's Neighborhood Bar", "neighborhoods": [], "longitude": -89.511161599999994, "state": "WI", "stars": 3.5, "latitude": 43.101459800000001, "attributes": {"Good For": {"dessert": false, "latenight": false, "lunch": false, "dinner": false, "brunch": false, "breakfast": false}, "Noise Level": "average", "Attire": "casual", "Happy Hour": true, "Music": {"video": false, "live": false, "dj": false, "jukebox": true}, "Outdoor Seating": true, "Parking": {"garage": false, "street": false, "validated": false, "lot": false, "valet": false}, "Alcohol": "full_bar", "Smoking": "no", "Takes Reservations": false, "Accepts Credit Cards": true, "Good for Kids": false, "Good For Groups": true, "Price Range": 1}, "type": "business"}
{"business_id": "KW6HejC-67KSL9J8Cz1dSw", "full_address": "8414 Old Sauk Rd\nMiddleton, WI 53562", "hours": {"Monday": {"close": "21:00", "open": "11:00"}, "Tuesday": {"close": "21:00", "open": "11:00"}, "Friday": {"close": "21:00", "open": "11:00"}, "Wednesday": {"close": "21:00", "open": "11:00"}, "Thursday": {"close": "21:00", "open": "11:00"}, "Sunday": {"close": "21:00", "open": "11:00"}, "Saturday": {"close": "21:00", "open": "11:00"}}, "open": true, "categories": ["Chinese", "Restaurants"], "city": "Middleton", "review_count": 28, "name": "Chin's Asia Fresh", "neighborhoods": [], "longitude": -89.528480180843999, "state": "WI", "stars": 3.0, "latitude": 43.075345267735997, "attributes": {"Take-out": true, "Good For": {"dessert": false, "latenight": false, "lunch": false, "dinner": false, "brunch": false, "breakfast": false}, "Noise Level": "quiet", "Takes Reservations": false, "Delivery": false, "Ambience": {"romantic": false, "intimate": false, "touristy": false, "hipster": false, "divey": false, "classy": false, "trendy": false, "upscale": false, "casual": false}, "Has TV": false, "Outdoor Seating": true, "Attire": "casual", "Alcohol": "none", "Waiter Service": false, "Accepts Credit Cards": true, "Good for Kids": true, "Good For Groups": true, "Price Range": 2}, "type": "business"}
{"business_id": "wl-7A4jC0f27MOEmW-XTbQ", "full_address": "2608 Allen Blvd\nMiddleton, WI 53562", "hours": {"Monday": {"close": "22:00", "open": "11:00"}, "Tuesday": {"close": "22:00", "open": "11:00"}, "Friday": {"close": "23:00", "open": "11:00"}, "Wednesday": {"close": "22:00", "open": "11:00"}, "Thursday": {"close": "22:00", "open": "11:00"}, "Sunday": {"close": "22:00", "open": "12:00"}, "Saturday": {"close": "23:00", "open": "11:00"}}, "open": true, "categories": ["Chinese", "Restaurants"], "city": "Middleton", "review_count": 6, "name": "Grand China Restaurant", "neighborhoods": [], "longitude": -89.486490700000004, "state": "WI", "stars": 3.0, "latitude": 43.103663300000001, "attributes": {"Take-out": true, "Takes Reservations": false, "Parking": {"garage": false, "street": false, "validated": false, "lot": false, "valet": false}, "Wheelchair Accessible": true, "Good For": {"dessert": false, "latenight": false, "lunch": false, "dinner": false, "brunch": false, "breakfast": false}, "Attire": "casual", "Accepts Credit Cards": true, "Good for Kids": true, "Good For Groups": true, "Price Range": 1}, "type": "business"}
{"business_id": "NGj-_5pkHc_DbH5bKUH2Xw", "full_address": "2313 Parmenter St\nMiddleton, WI 53562", "hours": {}, "open": true, "categories": ["Pet Services", "Pet Boarding/Pet Sitting", "Pets"], "city": "Middleton", "review_count": 3, "name": "Lori's Pet-Agree Salon Llc", "neighborhoods": [], "longitude": -89.511067999999995, "state": "WI", "stars": 5.0, "latitude": 43.100808000000001, "attributes": {}, "type": "business"}
{"business_id": "suQyHycqv8nA7EualcUB3g", "full_address": "8302 Greenway Blvd\nMiddleton, WI 53562", "hours": {}, "open": true, "categories": ["Diners", "Restaurants"], "city": "Middleton", "review_count": 5, "name": "Dennys", "neighborhoods": [], "longitude": -89.524167399999996, "state": "WI", "stars": 3.0, "latitude": 43.090563099999997, "attributes": {"Take-out": true, "Good For": {"dessert": false, "latenight": false, "lunch": false, "dinner": false, "breakfast": false, "brunch": false}, "Noise Level": "quiet", "Takes Reservations": false, "Delivery": false, "Has TV": false, "Outdoor Seating": false, "Attire": "casual", "Accepts Credit Cards": true, "Good for Kids": true, "Good For Groups": true, "Price Range": 1}, "type": "business"}
{"business_id": "3jpKGDkFrCHpjEYVEgcG0A", "full_address": "8310 Greenway Blvd\nMiddleton, WI 53562", "hours": {}, "open": true, "categories": ["Food", "Coffee & Tea"], "city": "Middleton", "review_count": 6, "name": "Starbucks", "neighborhoods": [], "longitude": -89.525681800000001, "state": "WI", "stars": 3.0, "latitude": 43.090455900000002, "attributes": {"Parking": {"garage": false, "street": false, "validated": false, "lot": true, "valet": false}, "Accepts Credit Cards": true, "Wi-Fi": "free", "Outdoor Seating": true, "Price Range": 1}, "type": "business"}
{"business_id": "AYoLKzRFajucKnjIFxc__A", "full_address": "1650 Deming Way\nMiddleton, WI 53562", "hours": {}, "open": true, "categories": ["Food", "Ice Cream & Frozen Yogurt"], "city": "Middleton", "review_count": 6, "name": "Cold Stone Creamery", "neighborhoods": [], "longitude": -89.523582300000001, "state": "WI", "stars": 2.5, "latitude": 43.095485500000002, "attributes": {"Take-out": true, "Wi-Fi": "no", "Good For": {"dessert": false, "latenight": false, "lunch": false, "dinner": false, "brunch": false, "breakfast": false}, "Takes Reservations": false, "Has TV": false, "Delivery": false, "Ambience": {"romantic": false, "intimate": false, "touristy": false, "hipster": false, "divey": false, "classy": false, "trendy": false, "upscale": false, "casual": false}, "Parking": {"garage": false, "street": false, "validated": false, "lot": true, "valet": false}, "Wheelchair Accessible": true, "Outdoor Seating": true, "Attire": "casual", "Alcohol": "none", "Waiter Service": false, "Accepts Credit Cards": true, "Good for Kids": true, "Good For Groups": true, "Price Range": 4}, "type": "business"}
{"business_id": "c5awCF5eu0ZkxUf_i94uPA", "full_address": "2611 Branch St\nMiddleton, WI 53562", "hours": {}, "open": true, "categories": ["Nightlife"], "city": "Middleton", "review_count": 16, "name": "Bristled Boar Saloon & Grill", "neighborhoods": [], "longitude": -89.491806999999994, "state": "WI", "stars": 3.5, "latitude": 43.103427000000003, "attributes": {"Price Range": 1, "Alcohol": "full_bar", "Good For Dancing": true, "Noise Level": "average", "Coat Check": false, "Has TV": true, "Happy Hour": true, "Music": {"video": false, "live": false, "dj": false, "jukebox": true}, "Outdoor Seating": true, "Parking": {"garage": false, "street": false, "validated": false, "lot": true, "valet": false}, "Ambience": {"romantic": false, "intimate": false, "touristy": false, "hipster": false, "divey": false, "classy": false, "trendy": false, "upscale": false, "casual": false}, "Smoking": "outdoor", "Accepts Credit Cards": true, "Good For Groups": true, "Wheelchair Accessible": true}, "type": "business"}
{"business_id": "GHvLvSN_imiXxqsgFPskWA", "full_address": "6213 Middleton Springs Dr\nSte 104\nMiddleton, WI 53562", "hours": {"Tuesday": {"close": "16:30", "open": "08:00"}, "Friday": {"close": "15:00", "open": "08:00"}, "Thursday": {"close": "16:30", "open": "08:00"}, "Monday": {"close": "16:30", "open": "08:00"}, "Wednesday": {"close": "16:30", "open": "08:00"}}, "open": true, "categories": ["Health & Medical", "Dentists", "General Dentistry"], "city": "Middleton", "review_count": 3, "name": "Killian Dental Clinic", "neighborhoods": [], "longitude": -89.487679799999995, "state": "WI", "stars": 5.0, "latitude": 43.103122399999997, "attributes": {"By Appointment Only": true}, "type": "business"}
{"business_id": "uga5g16PncJOtY7Sc3A05w", "full_address": "8308 Greenway Blvd\nMiddleton, WI 53562", "hours": {"Monday": {"close": "23:00", "open": "05:00"}, "Tuesday": {"close": "23:00", "open": "05:00"}, "Friday": {"close": "00:00", "open": "05:00"}, "Wednesday": {"close": "23:00", "open": "05:00"}, "Thursday": {"close": "23:00", "open": "05:00"}, "Sunday": {"close": "23:00", "open": "06:00"}, "Saturday": {"close": "00:00", "open": "06:00"}}, "open": true, "categories": ["Burgers", "Fast Food", "Restaurants"], "city": "Middleton", "review_count": 6, "name": "McDonald's", "neighborhoods": [], "longitude": -89.525077899999999, "state": "WI", "stars": 4.0, "latitude": 43.090653000000003, "attributes": {"Take-out": true, "Wi-Fi": "free", "Alcohol": "none", "Caters": false, "Noise Level": "average", "Takes Reservations": false, "Delivery": false, "Parking": {"garage": false, "street": false, "validated": false, "lot": false, "valet": false}, "Has TV": true, "Good For": {"dessert": false, "latenight": false, "lunch": false, "dinner": true, "brunch": false, "breakfast": false}, "Attire": "casual", "Waiter Service": false, "Accepts Credit Cards": true, "Good for Kids": true, "Good For Groups": true, "Price Range": 1}, "type": "business"}
{"business_id": "9874O-3GjXPotxYKNNAz5Q", "full_address": "1009 N Gammon Rd\nMiddleton, WI 53562", "hours": {"Monday": {"close": "18:00", "open": "08:00"}, "Tuesday": {"close": "18:00", "open": "08:00"}, "Friday": {"close": "18:00", "open": "08:00"}, "Wednesday": {"close": "18:00", "open": "08:00"}, "Thursday": {"close": "18:00", "open": "08:00"}, "Saturday": {"close": "12:00", "open": "08:00"}}, "open": true, "categories": ["Veterinarians", "Pets"], "city": "Middleton", "review_count": 5, "name": "All Pets Veterinary Clinic", "neighborhoods": [], "longitude": -89.502251799999996, "state": "WI", "stars": 5.0, "latitude": 43.082611, "attributes": {}, "type": "business"}
{"business_id": "naqkXvhoqljvA7kuo15gEw", "full_address": "8212 Greenway Blvd\nMiddleton, WI 53562", "hours": {"Monday": {"close": "00:00", "open": "00:00"}, "Tuesday": {"close": "00:00", "open": "00:00"}, "Friday": {"close": "00:00", "open": "00:00"}, "Wednesday": {"close": "00:00", "open": "00:00"}, "Thursday": {"close": "00:00", "open": "00:00"}, "Sunday": {"close": "00:00", "open": "00:00"}, "Saturday": {"close": "00:00", "open": "00:00"}}, "open": true, "categories": ["Hotels & Travel", "Event Planning & Services", "Hotels"], "city": "Middleton", "review_count": 8, "name": "Fairfield Inn & Suites Madison West", "neighborhoods": [], "longitude": -89.523388299999993, "state": "WI", "stars": 3.5, "latitude": 43.0901268, "attributes": {"Dogs Allowed": false, "Accepts Credit Cards": true, "Wi-Fi": "free", "Price Range": 2}, "type": "business"}
{"business_id": "xbJ9tdGbcVJIUkNgHSCwZQ", "full_address": "1914 Aurora St\nMiddleton, WI 53562", "hours": {}, "open": true, "categories": ["Bars", "Nightlife", "Restaurants"], "city": "Middleton", "review_count": 10, "name": "Hody Bar & Grill", "neighborhoods": [], "longitude": -89.512822200000002, "state": "WI", "stars": 2.5, "latitude": 43.095695999999997, "attributes": {"Good For": {"dessert": false, "latenight": false, "lunch": false, "dinner": false, "brunch": false, "breakfast": false}, "Good For Dancing": true, "Noise Level": "quiet", "Takes Reservations": false, "Has TV": true, "Smoking": "no", "Delivery": false, "Parking": {"garage": false, "street": false, "validated": false, "lot": false, "valet": false}, "Wheelchair Accessible": true, "Outdoor Seating": true, "Attire": "casual", "Alcohol": "full_bar", "Waiter Service": true, "Accepts Credit Cards": true, "Good for Kids": false, "Good For Groups": true, "Price Range": 1}, "type": "business"}
{"business_id": "koRLvzIl-4fCybOIdk56jA", "full_address": "7464 Hubbard Ave\nMiddleton, WI 53562", "hours": {"Monday": {"close": "23:00", "open": "17:00"}, "Tuesday": {"close": "23:00", "open": "17:00"}, "Friday": {"close": "23:00", "open": "17:00"}, "Wednesday": {"close": "23:00", "open": "17:00"}, "Thursday": {"close": "23:00", "open": "17:00"}, "Saturday": {"close": "23:00", "open": "17:00"}}, "open": true, "categories": ["Cajun/Creole", "Restaurants"], "city": "Middleton", "review_count": 56, "name": "Louisianne's Etc", "neighborhoods": [], "longitude": -89.511057399999999, "state": "WI", "stars": 4.0, "latitude": 43.095552599999998, "attributes": {"Take-out": false, "Wi-Fi": "no", "Good For": {"dessert": false, "latenight": false, "lunch": false, "dinner": true, "brunch": false, "breakfast": false}, "Noise Level": "average", "Good for Kids": false, "Takes Reservations": true, "Has TV": false, "Delivery": false, "Ambience": {"romantic": true, "intimate": false, "classy": false, "hipster": false, "divey": false, "touristy": false, "trendy": false, "upscale": false, "casual": false}, "Parking": {"garage": false, "street": true, "validated": false, "lot": false, "valet": false}, "Wheelchair Accessible": false, "Outdoor Seating": false, "Attire": "casual", "Alcohol": "full_bar", "Waiter Service": true, "Accepts Credit Cards": true, "Good For Kids": false, "Good For Groups": true, "Price Range": 3}, "type": "business"}
{"business_id": "ckLRf3lYn9DxmNxd-mu2yA", "full_address": "1313 John Q Hammons Dr\nMiddleton, WI 53562", "hours": {"Monday": {"close": "17:00", "open": "09:00"}}, "open": true, "categories": ["Hotels & Travel", "Event Planning & Services", "Hotels"], "city": "Middleton", "review_count": 35, "name": "Marriott-Madison West", "neighborhoods": [], "longitude": -89.523172000000002, "state": "WI", "stars": 2.5, "latitude": 43.087887000000002, "attributes": {"Take-out": false, "Wi-Fi": "paid", "Good For": {"dessert": false, "latenight": false, "lunch": false, "dinner": false, "brunch": false, "breakfast": false}, "Noise Level": "very_loud", "Takes Reservations": true, "Has TV": true, "Delivery": false, "Parking": {"garage": false, "street": false, "validated": false, "lot": true, "valet": false}, "Wheelchair Accessible": true, "Outdoor Seating": false, "Attire": "casual", "Alcohol": "full_bar", "Waiter Service": true, "Accepts Credit Cards": true, "Good for Kids": true, "Good For Groups": true, "Price Range": 2}, "type": "business"}
{"business_id": "Bznf9AaGgdsLI01H_ifrUA", "full_address": "7625 Lisa Ln\nMiddleton, WI 53562", "hours": {}, "open": true, "categories": ["Active Life", "Amateur Sports Teams"], "city": "Middleton", "review_count": 3, "name": "Bowling Green Rec Center", "neighborhoods": [], "longitude": -89.511857000000006, "state": "WI", "stars": 3.5, "latitude": 43.108379900000003, "attributes": {"Good for Kids": true}, "type": "business"}
{"business_id": "YaaQx4qt1f36iFT4TWivAw", "full_address": "7610 Donna Dr\nMiddleton, WI 53562", "hours": {"Monday": {"close": "17:30", "open": "07:00"}, "Tuesday": {"close": "17:30", "open": "07:00"}, "Friday": {"close": "17:30", "open": "07:00"}, "Wednesday": {"close": "17:30", "open": "07:00"}, "Thursday": {"close": "17:30", "open": "07:00"}, "Saturday": {"close": "17:00", "open": "07:30"}}, "open": true, "categories": ["Bakeries", "Food"], "city": "Middleton", "review_count": 14, "name": "Clasen's European Bakery", "neighborhoods": [], "longitude": -89.511780000000002, "state": "WI", "stars": 3.5, "latitude": 43.106097200000001, "attributes": {"Parking": {"garage": false, "street": false, "validated": false, "lot": true, "valet": false}, "Accepts Credit Cards": true, "Wheelchair Accessible": true, "Price Range": 2}, "type": "business"}
{"business_id": "MBQc_jlZ3nlMOZy7SUM_5Q", "full_address": "1801 Deming Way\nMiddleton, WI 53562", "hours": {"Monday": {"close": "00:00", "open": "00:00"}, "Tuesday": {"close": "00:00", "open": "00:00"}, "Friday": {"close": "00:00", "open": "00:00"}, "Wednesday": {"close": "00:00", "open": "00:00"}, "Thursday": {"close": "00:00", "open": "00:00"}, "Sunday": {"close": "00:00", "open": "00:00"}, "Saturday": {"close": "00:00", "open": "00:00"}}, "open": true, "categories": ["Hotels & Travel", "Event Planning & Services", "Hotels"], "city": "Middleton", "review_count": 12, "name": "Hilton Garden Inn Madison West/Middleton", "neighborhoods": [], "longitude": -89.525484000000006, "state": "WI", "stars": 4.0, "latitude": 43.092882000000003, "attributes": {"Dogs Allowed": false, "Accepts Credit Cards": true, "Wi-Fi": "free", "Price Range": 2}, "type": "business"}
{"business_id": "yuIcDVSy03FQe1RWhicDQw", "full_address": "2540 Allen Blvd\nMiddleton, WI 53562", "hours": {"Monday": {"close": "20:00", "open": "08:00"}, "Tuesday": {"close": "20:00", "open": "08:00"}, "Friday": {"close": "20:00", "open": "08:00"}, "Wednesday": {"close": "20:00", "open": "08:00"}, "Thursday": {"close": "20:00", "open": "08:00"}, "Sunday": {"close": "17:00", "open": "09:00"}, "Saturday": {"close": "17:00", "open": "08:00"}}, "open": true, "categories": ["Hardware Stores", "Shopping", "Home & Garden"], "city": "Middleton", "review_count": 3, "name": "Ace Hardware", "neighborhoods": [], "longitude": -89.486482199999998, "state": "WI", "stars": 5.0, "latitude": 43.102078300000002, "attributes": {"Parking": {"garage": false, "street": false, "validated": false, "lot": true, "valet": false}, "Accepts Credit Cards": true, "Price Range": 2}, "type": "business"}
{"business_id": "cruBFtsFaBuhX_I72uU8pA", "full_address": "6615 University Ave\nMiddleton, WI 53562", "hours": {"Monday": {"close": "22:00", "open": "10:00"}, "Tuesday": {"close": "22:00", "open": "10:00"}, "Friday": {"close": "22:00", "open": "10:00"}, "Wednesday": {"close": "22:00", "open": "10:00"}, "Thursday": {"close": "22:00", "open": "10:00"}, "Sunday": {"close": "22:00", "open": "10:00"}, "Saturday": {"close": "22:00", "open": "10:00"}}, "open": true, "categories": ["Pizza", "Restaurants"], "city": "Middleton", "review_count": 3, "name": "Papa John's Pizza", "neighborhoods": [], "longitude": -89.494920800000003, "state": "WI", "stars": 1.5, "latitude": 43.095547199999999, "attributes": {"Take-out": true, "Alcohol": "none", "Parking": {"garage": false, "street": false, "validated": false, "lot": false, "valet": false}, "Price Range": 2, "Good For Groups": true, "Wheelchair Accessible": true}, "type": "business"}
{"business_id": "X47o6R2rWiqGqvBtC7VS3Q", "full_address": "2227 Parmenter St\nMiddleton, WI 53562", "hours": {"Monday": {"close": "14:00", "open": "06:30"}, "Tuesday": {"close": "14:00", "open": "06:30"}, "Friday": {"close": "13:30", "open": "06:30"}, "Wednesday": {"close": "14:00", "open": "06:30"}, "Thursday": {"close": "14:00", "open": "06:30"}, "Sunday": {"close": "12:00", "open": "07:00"}, "Saturday": {"close": "12:00", "open": "06:30"}}, "open": true, "categories": ["Breakfast & Brunch", "Restaurants"], "city": "Middleton", "review_count": 19, "name": "Three Sisters Old Town Inn", "neighborhoods": [], "longitude": -89.511242999999993, "state": "WI", "stars": 4.0, "latitude": 43.099933499999999, "attributes": {"Take-out": true, "Wi-Fi": "no", "Good For": {"dessert": false, "latenight": false, "lunch": false, "dinner": false, "brunch": false, "breakfast": true}, "Caters": false, "Noise Level": "average", "Takes Reservations": false, "Delivery": false, "Ambience": {"romantic": false, "intimate": false, "touristy": false, "hipster": false, "divey": false, "classy": false, "trendy": false, "upscale": false, "casual": true}, "Parking": {"garage": false, "street": true, "validated": false, "lot": false, "valet": false}, "Has TV": false, "Outdoor Seating": false, "Attire": "casual", "Alcohol": "none", "Waiter Service": true, "Accepts Credit Cards": false, "Good for Kids": true, "Good For Groups": true, "Price Range": 1}, "type": "business"}
{"business_id": "_tnYCShXuDlXjNVNctTkCA", "full_address": "6323 University Ave\nMiddleton, WI 53562", "hours": {"Monday": {"close": "17:00", "open": "08:00"}, "Tuesday": {"close": "17:00", "open": "08:00"}, "Friday": {"close": "17:00", "open": "08:00"}, "Wednesday": {"close": "17:00", "open": "08:00"}, "Thursday": {"close": "17:00", "open": "08:00"}, "Saturday": {"close": "14:00", "open": "09:00"}}, "open": true, "categories": ["Barbers", "Beauty & Spas"], "city": "Middleton", "review_count": 11, "name": "Dick & Arnie's Barber Shop", "neighborhoods": [], "longitude": -89.490436599999995, "state": "WI", "stars": 4.5, "latitude": 43.092684599999998, "attributes": {"By Appointment Only": false, "Parking": {"garage": false, "street": false, "validated": false, "lot": true, "valet": false}, "Accepts Credit Cards": false, "Wheelchair Accessible": true, "Price Range": 1}, "type": "business"}
{"business_id": "elBgDynz6UPoSqQgxiggJw", "full_address": "3201 Glacier Ridge Rd\nMiddleton, WI 53562", "hours": {}, "open": true, "categories": ["Hair Salons", "Day Spas", "Massage", "Beauty & Spas"], "city": "Middleton", "review_count": 3, "name": "Revolution Hair Company Inc", "neighborhoods": [], "longitude": -89.497183699999994, "state": "WI", "stars": 5.0, "latitude": 43.107769300000001, "attributes": {}, "type": "business"}
{"business_id": "lN-5-YTsaJr_IByyA476iw", "full_address": "6815 University Ave\nMiddleton, WI 53562", "hours": {}, "open": true, "categories": ["Active Life", "Bowling", "Restaurants"], "city": "Middleton", "review_count": 10, "name": "Middleton Sport Bowl", "neighborhoods": [], "longitude": -89.499790200000007, "state": "WI", "stars": 4.0, "latitude": 43.096947399999998, "attributes": {"Wi-Fi": "no", "Good For": {"dessert": false, "latenight": false, "lunch": false, "dinner": false, "brunch": false, "breakfast": false}, "Noise Level": "average", "Takes Reservations": false, "Has TV": true, "Delivery": false, "Ambience": {"romantic": false, "intimate": false, "touristy": false, "hipster": false, "divey": false, "classy": false, "trendy": false, "upscale": false, "casual": false}, "Parking": {"garage": false, "street": false, "validated": false, "lot": true, "valet": false}, "Wheelchair Accessible": true, "Outdoor Seating": true, "Attire": "casual", "Alcohol": "full_bar", "Waiter Service": true, "Accepts Credit Cards": true, "Good for Kids": true, "Good For Groups": true, "Price Range": 1}, "type": "business"}
{"business_id": "yNayFIJemmt-J3fNvmwuKA", "full_address": "7425 Hubbard Ave\nMiddleton, WI 53562", "hours": {}, "open": true, "categories": ["Libraries", "Public Services & Government"], "city": "Middleton", "review_count": 3, "name": "Middleton Public Pibrary", "neighborhoods": [], "longitude": -89.509289899999999, "state": "WI", "stars": 3.5, "latitude": 43.094959000000003, "attributes": {}, "type": "business"}
{"business_id": "IEmqrFe96NOhU07TA0rZdw", "full_address": "6625 Century Ave\nMiddleton, WI 53562", "hours": {}, "open": false, "categories": ["American (Traditional)", "Restaurants"], "city": "Middleton", "review_count": 7, "name": "Stamm House At Pheasant Branch", "neighborhoods": [], "longitude": -89.494421900000006, "state": "WI", "stars": 2.0, "latitude": 43.104534999999998, "attributes": {"Alcohol": "full_bar", "Attire": "casual", "Parking": {"garage": false, "street": false, "validated": false, "lot": true, "valet": false}, "Waiter Service": true, "Accepts Credit Cards": true, "Good for Kids": false, "Good For Groups": true, "Price Range": 2}, "type": "business"}
{"business_id": "LOp0ciu7XhZwTqZUWG8qCw", "full_address": "2229 Eagle Dr\nMiddleton, WI 53562", "hours": {"Tuesday": {"close": "19:00", "open": "07:00"}, "Friday": {"close": "19:00", "open": "07:00"}, "Thursday": {"close": "19:00", "open": "07:00"}, "Monday": {"close": "19:00", "open": "07:00"}, "Wednesday": {"close": "19:00", "open": "07:00"}}, "open": true, "categories": ["Tires", "Automotive", "Auto Repair", "Oil Change Stations"], "city": "Middleton", "review_count": 3, "name": "Bennett's Auto Repair LLC", "neighborhoods": [], "longitude": -89.527745100000004, "state": "WI", "stars": 5.0, "latitude": 43.099418399999998, "attributes": {}, "type": "business"}
{"business_id": "O16EckCLtNoA49hewGht_w", "full_address": "6516 University Ave\nMiddleton, WI 53562", "hours": {"Friday": {"close": "12:30", "open": "07:30"}, "Tuesday": {"close": "17:30", "open": "07:30"}, "Monday": {"close": "17:30", "open": "07:30"}, "Wednesday": {"close": "17:30", "open": "07:30"}, "Thursday": {"close": "17:30", "open": "07:30"}}, "open": true, "categories": ["Tires", "Automotive", "Auto Repair"], "city": "Middleton", "review_count": 3, "name": "Dunn's Import Inc", "neighborhoods": [], "longitude": -89.493464000000003, "state": "WI", "stars": 5.0, "latitude": 43.095357, "attributes": {}, "type": "business"}
{"business_id": "8MqyXoay37xSmlUKjYv1XA", "full_address": "2010 Branch St\nMiddleton, WI 53562", "hours": {"Monday": {"close": "22:00", "open": "08:00"}, "Tuesday": {"close": "22:00", "open": "07:00"}, "Friday": {"close": "22:00", "open": "07:00"}, "Wednesday": {"close": "22:00", "open": "07:00"}, "Thursday": {"close": "22:00", "open": "07:00"}, "Sunday": {"close": "22:00", "open": "08:00"}, "Saturday": {"close": "22:00", "open": "07:00"}}, "open": true, "categories": ["Shopping", "Drugstores", "Beauty & Spas", "Food", "Convenience Stores", "Cosmetics & Beauty Supply"], "city": "Middleton", "review_count": 3, "name": "Walgreens", "neighborhoods": [], "longitude": -89.495089399999998, "state": "WI", "stars": 4.5, "latitude": 43.097043999999997, "attributes": {"Parking": {"garage": false, "street": false, "validated": false, "lot": false, "valet": false}, "Accepts Credit Cards": true, "Wheelchair Accessible": true, "Price Range": 2}, "type": "business"}
{"business_id": "KFJ1jBfFkRfyn3AoAUl3YQ", "full_address": "3311 W Beltline Hwy\nMiddleton, WI 53562", "hours": {}, "open": true, "categories": ["Burgers", "Fast Food", "Restaurants"], "city": "Middleton", "review_count": 5, "name": "Hardee's", "neighborhoods": [], "longitude": -89.516041700000002, "state": "WI", "stars": 4.0, "latitude": 43.097688300000002, "attributes": {"Take-out": true, "Drive-Thru": true, "Good For": {"dessert": false, "latenight": false, "lunch": false, "dinner": false, "brunch": false, "breakfast": false}, "Caters": false, "Noise Level": "average", "Takes Reservations": false, "Has TV": true, "Delivery": false, "Parking": {"garage": false, "street": false, "validated": false, "lot": false, "valet": false}, "Wheelchair Accessible": true, "Outdoor Seating": false, "Attire": "casual", "Alcohol": "none", "Waiter Service": false, "Accepts Credit Cards": true, "Good for Kids": true, "Good For Groups": true, "Price Range": 1}, "type": "business"}
{"business_id": "h8sRoUSjulDu9MfeUTEu6Q", "full_address": "9770 Silicon Prairie Pkwy\nMadison, WI 53593", "hours": {"Tuesday": {"close": "17:30", "open": "09:00"}, "Thursday": {"close": "17:30", "open": "09:00"}, "Friday": {"close": "17:30", "open": "09:00"}, "Wednesday": {"close": "17:30", "open": "09:00"}, "Monday": {"close": "17:30", "open": "09:00"}}, "open": true, "categories": ["Lighting Fixtures & Equipment", "Electronics", "Musical Instruments & Teachers", "Shopping", "Home Services"], "city": "Madison", "review_count": 5, "name": "Full Compass Systems", "neighborhoods": [], "longitude": -89.558648399999996, "state": "WI", "stars": 3.5, "latitude": 43.057022699999997, "attributes": {"Parking": {"garage": false, "street": false, "validated": false, "lot": true, "valet": false}, "Accepts Credit Cards": true, "Wheelchair Accessible": true, "Price Range": 3}, "type": "business"}
{"business_id": "JfBxZQCRtPoNewr6QM8Hng", "full_address": "Greenway Station\n1700 Deming Way, Bldg C\nMiddleton, WI 53562", "hours": {"Monday": {"close": "21:00", "open": "10:00"}, "Tuesday": {"close": "21:00", "open": "10:00"}, "Friday": {"close": "21:00", "open": "10:00"}, "Wednesday": {"close": "21:00", "open": "10:00"}, "Thursday": {"close": "21:00", "open": "10:00"}, "Sunday": {"close": "19:00", "open": "11:00"}, "Saturday": {"close": "21:00", "open": "10:00"}}, "open": true, "categories": ["Fashion", "Shopping", "Shoe Stores"], "city": "Middleton", "review_count": 3, "name": "DSW", "neighborhoods": [], "longitude": -89.527702500000004, "state": "WI", "stars": 3.5, "latitude": 43.092902899999999, "attributes": {"Parking": {"garage": false, "street": false, "validated": false, "lot": false, "valet": false}, "Accepts Credit Cards": true, "Wheelchair Accessible": true, "Price Range": 2}, "type": "business"}
{"business_id": "G1qUGBNYNS220jKlPAlFsA", "full_address": "7508 Hubbard Ave\nMiddleton, WI 53562", "hours": {"Monday": {"close": "22:30", "open": "10:30"}, "Tuesday": {"close": "22:30", "open": "10:30"}, "Friday": {"close": "22:30", "open": "10:30"}, "Wednesday": {"close": "22:30", "open": "10:30"}, "Thursday": {"close": "22:30", "open": "10:30"}, "Saturday": {"close": "22:30", "open": "10:30"}}, "open": true, "categories": ["Bars", "American (Traditional)", "Nightlife", "Restaurants"], "city": "Middleton", "review_count": 34, "name": "The Village Green Bar & Grill", "neighborhoods": [], "longitude": -89.5120419, "state": "WI", "stars": 4.0, "latitude": 43.095723999999997, "attributes": {"Alcohol": "full_bar", "Noise Level": "average", "Music": {"dj": false, "background_music": true, "jukebox": false, "live": false, "video": false, "karaoke": false}, "Attire": "casual", "Ambience": {"romantic": false, "intimate": false, "classy": false, "hipster": false, "divey": false, "touristy": false, "trendy": false, "upscale": false, "casual": true}, "Good for Kids": true, "Wheelchair Accessible": true, "Good For Dancing": false, "Delivery": false, "Coat Check": false, "Smoking": "no", "Accepts Credit Cards": true, "Take-out": true, "Price Range": 2, "Happy Hour": true, "Outdoor Seating": true, "Takes Reservations": false, "Waiter Service": true, "Wi-Fi": "no", "Caters": true, "Good For": {"dessert": false, "latenight": false, "lunch": true, "dinner": true, "brunch": false, "breakfast": false}, "Parking": {"garage": false, "street": true, "validated": false, "lot": false, "valet": false}, "Has TV": true, "Good For Groups": true}, "type": "business"}
{"business_id": "oJUAJ6uqMbFYJjtPjanjRg", "full_address": "8302 Old Sauk Rd\nMiddleton, WI 53562", "hours": {"Monday": {"close": "22:00", "open": "07:00"}, "Tuesday": {"close": "22:00", "open": "07:00"}, "Friday": {"close": "22:00", "open": "07:00"}, "Wednesday": {"close": "22:00", "open": "07:00"}, "Thursday": {"close": "22:00", "open": "07:00"}, "Sunday": {"close": "22:00", "open": "08:00"}, "Saturday": {"close": "22:00", "open": "08:00"}}, "open": true, "categories": ["Shopping", "Drugstores", "Beauty & Spas", "Food", "Convenience Stores", "Cosmetics & Beauty Supply"], "city": "Middleton", "review_count": 5, "name": "Walgreens", "neighborhoods": [], "longitude": -89.527124499999999, "state": "WI", "stars": 3.0, "latitude": 43.075383000000002, "attributes": {"By Appointment Only": false, "Parking": {"garage": false, "street": false, "validated": false, "lot": true, "valet": false}, "Accepts Credit Cards": true, "Price Range": 2}, "type": "business"}
{"business_id": "xm1RtU63jxjYsm-7dzGaZA", "full_address": "32 W Towne Mall\nMadison, WI 53719", "hours": {}, "open": true, "categories": ["Women's Clothing", "Men's Clothing", "Fashion", "Shopping"], "city": "Madison", "review_count": 6, "name": "Banana Republic", "neighborhoods": [], "longitude": -89.509317100000004, "state": "WI", "stars": 3.0, "latitude": 43.057089900000001, "attributes": {"Parking": {"garage": false, "street": false, "validated": false, "lot": false, "valet": false}, "Accepts Credit Cards": true, "Price Range": 2}, "type": "business"}
{"business_id": "6oDZ78JiSKjXVLcurCpnhw", "full_address": "1021 N Gammon Rd\nMiddleton, WI 53562", "hours": {"Monday": {"close": "23:00", "open": "11:00"}, "Tuesday": {"close": "23:00", "open": "11:00"}, "Friday": {"close": "23:00", "open": "11:00"}, "Wednesday": {"close": "23:00", "open": "11:00"}, "Thursday": {"close": "23:00", "open": "11:00"}, "Sunday": {"close": "22:00", "open": "11:00"}, "Saturday": {"close": "23:00", "open": "11:00"}}, "open": true, "categories": ["American (Traditional)", "Restaurants"], "city": "Middleton", "review_count": 16, "name": "Nitty Gritty Restaurant & Bar", "neighborhoods": [], "longitude": -89.502160200000006, "state": "WI", "stars": 3.0, "latitude": 43.084459600000002, "attributes": {"Take-out": true, "Good For": {"dessert": false, "latenight": false, "lunch": false, "dinner": false, "brunch": false, "breakfast": false}, "Caters": false, "Noise Level": "loud", "Takes Reservations": true, "Has TV": true, "Delivery": false, "Ambience": {"romantic": false, "intimate": false, "touristy": false, "hipster": false, "divey": false, "classy": false, "trendy": false, "upscale": false, "casual": false}, "Parking": {"garage": false, "street": false, "validated": false, "lot": false, "valet": false}, "Wheelchair Accessible": true, "Outdoor Seating": true, "Attire": "casual", "Alcohol": "full_bar", "Waiter Service": true, "Accepts Credit Cards": true, "Good for Kids": true, "Good For Groups": true, "Price Range": 2}, "type": "business"}
{"business_id": "vnwpKCeTrmt3FgMrE7AM-w", "full_address": "8406 Old Sauk Rd\nJunction Ridge\nMiddleton, WI 53562", "hours": {"Tuesday": {"close": "17:00", "open": "09:00"}, "Monday": {"close": "17:00", "open": "09:00"}, "Friday": {"close": "17:00", "open": "09:00"}, "Wednesday": {"close": "17:00", "open": "09:00"}, "Thursday": {"close": "17:00", "open": "09:00"}}, "open": true, "categories": ["Optometrists", "Health & Medical"], "city": "Middleton", "review_count": 7, "name": "Brandon Eyes", "neighborhoods": ["Junction Ridge"], "longitude": -89.528038499999994, "state": "WI", "stars": 4.5, "latitude": 43.074922600000001, "attributes": {"By Appointment Only": true}, "type": "business"}
{"business_id": "kiAsweI4sOjDzGyz3Y_HsQ", "full_address": "2906 Parmenter St\nMiddleton, WI 53562", "hours": {"Monday": {"close": "22:00", "open": "10:00"}, "Tuesday": {"close": "22:00", "open": "10:00"}, "Friday": {"close": "22:00", "open": "10:00"}, "Wednesday": {"close": "22:00", "open": "10:00"}, "Thursday": {"close": "22:00", "open": "10:00"}, "Sunday": {"close": "22:00", "open": "10:00"}, "Saturday": {"close": "22:00", "open": "10:00"}}, "open": true, "categories": ["Food", "Ice Cream & Frozen Yogurt", "Restaurants", "Burgers"], "city": "Middleton", "review_count": 12, "name": "Culver's", "neighborhoods": [], "longitude": -89.511312200000006, "state": "WI", "stars": 4.5, "latitude": 43.106274200000001, "attributes": {"Take-out": true, "Wi-Fi": "free", "Drive-Thru": true, "Good For": {"dessert": false, "latenight": false, "lunch": false, "dinner": false, "brunch": false, "breakfast": false}, "Noise Level": "average", "Takes Reservations": false, "Has TV": false, "Delivery": false, "Ambience": {"romantic": false, "intimate": false, "classy": false, "hipster": false, "divey": false, "touristy": false, "trendy": false, "upscale": false, "casual": false}, "Parking": {"garage": false, "street": false, "validated": false, "lot": true, "valet": false}, "Wheelchair Accessible": true, "Outdoor Seating": true, "Attire": "casual", "Alcohol": "none", "Waiter Service": false, "Accepts Credit Cards": true, "Good for Kids": true, "Good For Groups": true, "Price Range": 1}, "type": "business"}
{"business_id": "qNBvH111qgJgLYUScbph7g", "full_address": "3206 Parmenter St\nMiddleton, WI 53562", "hours": {}, "open": true, "categories": ["Car Wash", "Automotive"], "city": "Middleton", "review_count": 3, "name": "Magic Wash Inc", "neighborhoods": [], "longitude": -89.510121345520005, "state": "WI", "stars": 4.5, "latitude": 43.109218329191201, "attributes": {}, "type": "business"}
{"business_id": "mbtGl2I2A2To-8jiggN99g", "full_address": "6661 University Ave\nSte 103\nMiddleton, WI 53562", "hours": {"Tuesday": {"close": "20:00", "open": "10:00"}, "Friday": {"close": "20:00", "open": "10:00"}, "Wednesday": {"close": "20:00", "open": "10:00"}, "Thursday": {"close": "20:00", "open": "10:00"}, "Saturday": {"close": "17:00", "open": "10:00"}}, "open": false, "categories": ["Skin Care", "Hair Salons", "Beauty & Spas"], "city": "Middleton", "review_count": 7, "name": "Tangles", "neighborhoods": [], "longitude": -89.497264999999999, "state": "WI", "stars": 2.0, "latitude": 43.096649900000003, "attributes": {"By Appointment Only": true, "Parking": {"garage": false, "street": false, "validated": false, "lot": false, "valet": false}, "Accepts Credit Cards": true, "Good for Kids": false, "Price Range": 4}, "type": "business"}
{"business_id": "q8fD82us6uuGufvI44NoAg", "full_address": "7462 Hubbard Ave\nMiddleton, WI 53562", "hours": {"Monday": {"close": "21:00", "open": "17:00"}, "Tuesday": {"close": "21:00", "open": "17:00"}, "Friday": {"close": "22:00", "open": "17:00"}, "Wednesday": {"close": "21:00", "open": "17:00"}, "Thursday": {"close": "21:00", "open": "17:00"}, "Saturday": {"close": "22:00", "open": "17:00"}}, "open": true, "categories": ["Restaurants", "Italian"], "city": "Middleton", "review_count": 53, "name": "Vin Santo", "neighborhoods": [], "longitude": -89.510965799999994, "state": "WI", "stars": 4.0, "latitude": 43.095542299999998, "attributes": {"Take-out": true, "Wi-Fi": "no", "Good For": {"dessert": false, "latenight": false, "lunch": false, "dinner": true, "brunch": false, "breakfast": false}, "Caters": false, "Noise Level": "average", "Takes Reservations": true, "Ambience": {"romantic": true, "intimate": false, "classy": false, "hipster": false, "divey": false, "touristy": false, "trendy": false, "upscale": false, "casual": false}, "Has TV": false, "Delivery": false, "Dogs Allowed": false, "Parking": {"garage": false, "street": true, "validated": false, "lot": false, "valet": false}, "Wheelchair Accessible": true, "Outdoor Seating": true, "Attire": "casual", "Alcohol": "full_bar", "Waiter Service": true, "Accepts Credit Cards": true, "Good for Kids": false, "Good For Groups": true, "Price Range": 2}, "type": "business"}
{"business_id": "oc0rCahXOaJeHLzzDdSfyA", "full_address": "1901 Cayuga St\nMiddleton, WI 53562", "hours": {}, "open": false, "categories": ["Restaurants"], "city": "Middleton", "review_count": 3, "name": "Soup Factory", "neighborhoods": [], "longitude": -89.513737000000006, "state": "WI", "stars": 3.0, "latitude": 43.096359, "attributes": {"Take-out": true, "Alcohol": "none", "Takes Reservations": false, "Delivery": true, "Parking": {"garage": false, "street": false, "validated": false, "lot": false, "valet": false}, "Wheelchair Accessible": true, "Good For": {"dessert": false, "latenight": false, "lunch": true, "dinner": false, "brunch": false, "breakfast": false}, "Attire": "casual", "Waiter Service": false, "Accepts Credit Cards": true, "Good For Groups": true, "Price Range": 1}, "type": "business"}
{"business_id": "Nj0vQjUYjaa7qbvZlEr2jQ", "full_address": "1915 Branch St\nMiddleton, WI 53562", "hours": {"Monday": {"close": "02:00", "open": "09:00"}, "Tuesday": {"close": "02:00", "open": "09:00"}, "Friday": {"close": "02:30", "open": "09:00"}, "Wednesday": {"close": "02:00", "open": "09:00"}, "Thursday": {"close": "02:00", "open": "09:00"}, "Saturday": {"close": "02:30", "open": "09:00"}}, "open": true, "categories": ["American (New)", "Restaurants"], "city": "Middleton", "review_count": 16, "name": "Club Tavern & Grille", "neighborhoods": [], "longitude": -89.494939400000007, "state": "WI", "stars": 2.5, "latitude": 43.096890700000003, "attributes": {"Coat Check": false, "Good For": {"dessert": false, "latenight": false, "lunch": false, "dinner": false, "brunch": false, "breakfast": true}, "Music": {"video": false, "live": true, "dj": true, "jukebox": true}, "Noise Level": "average", "Takes Reservations": false, "Has TV": true, "Smoking": "yes", "Delivery": false, "Ambience": {"romantic": false, "intimate": false, "touristy": false, "hipster": false, "divey": false, "classy": false, "trendy": false, "upscale": false, "casual": false}, "Happy Hour": true, "Parking": {"garage": false, "street": false, "validated": false, "lot": true, "valet": false}, "Wheelchair Accessible": true, "Outdoor Seating": true, "Attire": "casual", "Alcohol": "full_bar", "Waiter Service": false, "Accepts Credit Cards": true, "Good for Kids": false, "Good For Groups": true, "Price Range": 2}, "type": "business"}
{"business_id": "ugGTR2EvJ0c_-TpMS1LSNw", "full_address": "6519 University Ave\nMiddleton, WI 53562", "hours": {}, "open": true, "categories": ["Oil Change Stations", "Automotive"], "city": "Middleton", "review_count": 4, "name": "Jiffy Lube", "neighborhoods": [], "longitude": -89.493370100000007, "state": "WI", "stars": 4.0, "latitude": 43.094754399999999, "attributes": {}, "type": "business"}
{"business_id": "B0Vuwn6Hugc-0U5n31YBfg", "full_address": "2550 Allen Blvd\nMiddleton, WI 53562", "hours": {"Monday": {"close": "14:00", "open": "06:00"}, "Tuesday": {"close": "14:00", "open": "06:00"}, "Friday": {"close": "14:00", "open": "06:00"}, "Wednesday": {"close": "14:00", "open": "06:00"}, "Thursday": {"close": "14:00", "open": "06:00"}, "Sunday": {"close": "14:00", "open": "06:00"}, "Saturday": {"close": "14:00", "open": "06:00"}}, "open": true, "categories": ["Bakeries", "Food", "American (Traditional)", "Restaurants", "Donuts"], "city": "Middleton", "review_count": 15, "name": "C's Restaurant Bakery and Coffee Shop", "neighborhoods": [], "longitude": -89.486739999999998, "state": "WI", "stars": 4.0, "latitude": 43.102896000000001, "attributes": {"Take-out": true, "Good For": {"dessert": false, "latenight": false, "lunch": false, "dinner": false, "brunch": false, "breakfast": true}, "Noise Level": "average", "Parking": {"garage": false, "street": false, "validated": false, "lot": true, "valet": false}, "Delivery": false, "Ambience": {"romantic": false, "intimate": false, "touristy": false, "hipster": false, "divey": false, "classy": false, "trendy": false, "upscale": false, "casual": true}, "Has TV": false, "Outdoor Seating": true, "Attire": "casual", "Alcohol": "none", "Waiter Service": true, "Accepts Credit Cards": true, "Good for Kids": true, "Good For Groups": true, "Price Range": 1}, "type": "business"}
{"business_id": "pwHZ5uUB3cWis9O-L__hdA", "full_address": "Greenway Station\n1621 Demingway\nMiddleton, WI 53562", "hours": {"Monday": {"close": "20:00", "open": "10:00"}, "Tuesday": {"close": "20:00", "open": "10:00"}, "Friday": {"close": "20:00", "open": "10:00"}, "Wednesday": {"close": "20:00", "open": "10:00"}, "Thursday": {"close": "20:00", "open": "10:00"}, "Sunday": {"close": "17:00", "open": "12:00"}, "Saturday": {"close": "20:00", "open": "10:00"}}, "open": true, "categories": ["Women's Clothing", "Fashion", "Shopping", "Accessories"], "city": "Middleton", "review_count": 4, "name": "LOFT", "neighborhoods": [], "longitude": -89.525338199999993, "state": "WI", "stars": 2.0, "latitude": 43.09384, "attributes": {"Parking": {"garage": false, "street": false, "validated": false, "lot": false, "valet": false}, "Accepts Credit Cards": true, "Price Range": 2}, "type": "business"}
{"business_id": "wVFxEPUy0Pcjr4GI5Cbr4Q", "full_address": "3511 Roma Ln\nMiddleton, WI 53562", "hours": {}, "open": true, "categories": ["Home Services", "Real Estate", "Apartments"], "city": "Middleton", "review_count": 3, "name": "Arbor Lakes At Middleton", "neighborhoods": [], "longitude": -89.470715900000002, "state": "WI", "stars": 1.5, "latitude": 43.113602399999998, "attributes": {}, "type": "business"}
{"business_id": "vknZxEFCHOMidG0OJKYekA", "full_address": "2830 Parmenter St\nMiddleton, WI 53562", "hours": {}, "open": true, "categories": ["Shopping", "Landscape Architects", "Nurseries & Gardening", "Home Services", "Home & Garden"], "city": "Middleton", "review_count": 9, "name": "The Bruce Company", "neighborhoods": [], "longitude": -89.511286765337005, "state": "WI", "stars": 2.5, "latitude": 43.105207279422203, "attributes": {"Parking": {"garage": false, "street": false, "validated": false, "lot": true, "valet": false}, "Accepts Credit Cards": true, "Price Range": 3}, "type": "business"}
{"business_id": "Za25Zmt4pmc2WQ2eJaa1fQ", "full_address": "7121 Companion Ln\nMiddleton, WI 53562", "hours": {"Tuesday": {"close": "18:00", "open": "09:00"}, "Wednesday": {"close": "18:00", "open": "09:00"}, "Thursday": {"close": "18:00", "open": "09:00"}}, "open": true, "categories": ["Local Services", "Sewing & Alterations"], "city": "Middleton", "review_count": 3, "name": "Patches and Pieces", "neighborhoods": [], "longitude": -89.503637299999994, "state": "WI", "stars": 4.0, "latitude": 43.115606700000001, "attributes": {"Parking": {"garage": false, "street": false, "validated": false, "lot": false, "valet": false}, "Accepts Credit Cards": false, "Wheelchair Accessible": false, "Price Range": 2}, "type": "business"}
{"business_id": "Wn8NhS-L1ck6jbTjX88Kkg", "full_address": "7734 Terrace Ave\nMiddleton, WI 53562", "hours": {"Tuesday": {"close": "21:00", "open": "16:00"}, "Friday": {"close": "22:00", "open": "15:00"}, "Wednesday": {"close": "21:00", "open": "16:00"}, "Thursday": {"close": "21:00", "open": "16:00"}, "Sunday": {"close": "17:00", "open": "12:00"}, "Saturday": {"close": "21:00", "open": "12:00"}}, "open": true, "categories": ["Food", "Breweries"], "city": "Middleton", "review_count": 36, "name": "Capital Brewery & Beer Garden", "neighborhoods": [], "longitude": -89.516249999999999, "state": "WI", "stars": 4.0, "latitude": 43.094875999999999, "attributes": {"Parking": {"garage": false, "street": true, "validated": false, "lot": true, "valet": false}, "Accepts Credit Cards": true, "Wheelchair Accessible": true, "Price Range": 1}, "type": "business"}
{"business_id": "bMnr4RK5HEFvpuuxB5xRoA", "full_address": "6637 University Ave\nMiddleton, WI 53562", "hours": {"Monday": {"close": "17:30", "open": "06:00"}, "Tuesday": {"close": "17:30", "open": "06:00"}, "Friday": {"close": "17:30", "open": "06:00"}, "Wednesday": {"close": "17:30", "open": "06:00"}, "Thursday": {"close": "17:30", "open": "06:00"}, "Saturday": {"close": "16:00", "open": "06:00"}}, "open": true, "categories": ["Bakeries", "Food"], "city": "Middleton", "review_count": 12, "name": "Scott's Pastry Shoppe", "neighborhoods": [], "longitude": -89.495736300000004, "state": "WI", "stars": 4.0, "latitude": 43.096142399999998, "attributes": {"Parking": {"garage": false, "street": false, "validated": false, "lot": true, "valet": false}, "Accepts Credit Cards": true, "Wheelchair Accessible": true, "Price Range": 1}, "type": "business"}
{"business_id": "uyp8kpTXKfKXvAB8HdJSAA", "full_address": "7505 Century Ave\nMiddleton, WI 53562", "hours": {"Monday": {"close": "20:00", "open": "08:30"}, "Tuesday": {"close": "18:00", "open": "08:30"}, "Friday": {"close": "18:00", "open": "08:30"}, "Wednesday": {"close": "18:00", "open": "08:30"}, "Thursday": {"close": "20:00", "open": "08:30"}, "Saturday": {"close": "16:00", "open": "08:30"}}, "open": true, "categories": ["Auto Repair", "Automotive", "Auto Parts & Supplies", "Car Dealers"], "city": "Middleton", "review_count": 10, "name": "Zimbrick Volkswagen", "neighborhoods": [], "longitude": -89.510464668273897, "state": "WI", "stars": 3.5, "latitude": 43.110915158411203, "attributes": {}, "type": "business"}
{"business_id": "3zD6rxB92Mr0jb-LoYFFWw", "full_address": "822 Windsor St\nSun Prairie, WI 53590", "hours": {}, "open": true, "categories": ["Burgers", "Restaurants"], "city": "Sun Prairie", "review_count": 14, "name": "Burger King", "neighborhoods": [], "longitude": -89.227527899999998, "state": "WI", "stars": 1.5, "latitude": 43.1876921, "attributes": {"Take-out": true, "Wi-Fi": "no", "Drive-Thru": true, "Alcohol": "none", "Caters": false, "Noise Level": "average", "Takes Reservations": false, "Delivery": false, "Parking": {"garage": false, "street": false, "validated": false, "lot": false, "valet": false}, "Has TV": false, "Outdoor Seating": false, "Attire": "casual", "Ambience": {"romantic": false, "intimate": false, "touristy": false, "hipster": false, "divey": false, "classy": false, "trendy": false, "upscale": false, "casual": false}, "Waiter Service": false, "Accepts Credit Cards": true, "Good for Kids": true, "Good For Groups": true, "Price Range": 1}, "type": "business"}
{"business_id": "OC8AUJshLVimn_-P_INvJw", "full_address": "330 W Main St\nSun Prairie, WI 53590", "hours": {"Monday": {"close": "23:00", "open": "11:00"}, "Tuesday": {"close": "23:00", "open": "11:00"}, "Friday": {"close": "02:00", "open": "11:00"}, "Wednesday": {"close": "23:00", "open": "11:00"}, "Thursday": {"close": "23:00", "open": "11:00"}, "Sunday": {"close": "23:00", "open": "11:00"}, "Saturday": {"close": "02:00", "open": "11:00"}}, "open": true, "categories": ["Sandwiches", "Pizza", "Chicken Wings", "Restaurants"], "city": "Sun Prairie", "review_count": 4, "name": "Pizza Pit", "neighborhoods": [], "longitude": -89.218527100000003, "state": "WI", "stars": 2.5, "latitude": 43.183277199999999, "attributes": {"Take-out": true, "Good For": {"dessert": false, "latenight": false, "lunch": false, "dinner": false, "brunch": false, "breakfast": false}, "Caters": true, "Noise Level": "average", "Takes Reservations": false, "Ambience": {"romantic": false, "intimate": false, "touristy": false, "hipster": false, "divey": false, "classy": false, "trendy": false, "upscale": false, "casual": false}, "Delivery": true, "Dogs Allowed": false, "Parking": {"garage": false, "street": false, "validated": false, "lot": true, "valet": false}, "Wheelchair Accessible": true, "Outdoor Seating": false, "Attire": "casual", "Alcohol": "none", "Waiter Service": false, "Accepts Credit Cards": true, "Good for Kids": true, "Good For Groups": false, "Price Range": 2}, "type": "business"}
{"business_id": "JGa7YehwC9UzpPQF8-pMeQ", "full_address": "1223 W Main St\nSun Prairie, WI 53590", "hours": {"Monday": {"close": "18:30", "open": "08:00"}, "Tuesday": {"close": "18:30", "open": "08:00"}, "Friday": {"close": "18:00", "open": "08:00"}, "Wednesday": {"close": "18:30", "open": "08:00"}, "Thursday": {"close": "18:30", "open": "08:00"}, "Saturday": {"close": "15:00", "open": "09:00"}}, "open": true, "categories": ["Local Services", "Shipping Centers", "Printing Services", "Notaries"], "city": "Sun Prairie", "review_count": 3, "name": "The UPS Store", "neighborhoods": [], "longitude": -89.234046699999993, "state": "WI", "stars": 3.5, "latitude": 43.179819100000003, "attributes": {"Accepts Credit Cards": true}, "type": "business"}
{"business_id": "xLmC8OBxrfPkJCC1HzeNhg", "full_address": "1350 Linnerud Dr\nSun Prairie, WI 53590", "hours": {}, "open": true, "categories": ["Libraries", "Public Services & Government"], "city": "Sun Prairie", "review_count": 5, "name": "Sun Prairie Public Library", "neighborhoods": [], "longitude": -89.235709999999997, "state": "WI", "stars": 5.0, "latitude": 43.175676000000003, "attributes": {"Wi-Fi": "free"}, "type": "business"}
{"business_id": "2pmMehsVKnwhgWPSOxrkjA", "full_address": "922 Windsor St\nSun Prairie, WI 53590", "hours": {}, "open": true, "categories": ["Chinese", "Restaurants"], "city": "Sun Prairie", "review_count": 8, "name": "Panda Garden", "neighborhoods": [], "longitude": -89.228790700000005, "state": "WI", "stars": 4.0, "latitude": 43.187650900000001, "attributes": {"Take-out": true, "Wi-Fi": "no", "Good For": {"dessert": false, "latenight": false, "lunch": false, "dinner": false, "brunch": false, "breakfast": false}, "Attire": "casual", "Ambience": {"romantic": false, "intimate": false, "touristy": false, "hipster": false, "divey": false, "classy": false, "trendy": false, "upscale": false, "casual": false}, "Has TV": true, "Outdoor Seating": false, "Parking": {"garage": false, "street": false, "validated": false, "lot": false, "valet": false}, "Alcohol": "beer_and_wine", "Waiter Service": true, "Accepts Credit Cards": true, "Price Range": 1}, "type": "business"}
{"business_id": "NDAxF0_RCZBQedVO_d5WnA", "full_address": "984 W Main St\nSun Prairie, WI 53590", "hours": {}, "open": true, "categories": ["Chinese", "Restaurants"], "city": "Sun Prairie", "review_count": 9, "name": "Chang Jiang", "neighborhoods": [], "longitude": -89.230476600000003, "state": "WI", "stars": 3.0, "latitude": 43.1807862, "attributes": {"Take-out": true, "Wi-Fi": "no", "Good For": {"dessert": false, "latenight": false, "lunch": false, "dinner": false, "brunch": false, "breakfast": false}, "Noise Level": "quiet", "Takes Reservations": false, "Has TV": false, "BYOB/Corkage": "no", "Delivery": true, "Ambience": {"romantic": false, "intimate": false, "touristy": false, "hipster": false, "divey": false, "classy": false, "trendy": false, "upscale": false, "casual": false}, "Parking": {"garage": false, "street": false, "validated": false, "lot": false, "valet": false}, "Wheelchair Accessible": false, "Outdoor Seating": false, "Attire": "casual", "Alcohol": "none", "Waiter Service": false, "Accepts Credit Cards": true, "Good for Kids": true, "Good For Groups": false, "Price Range": 1}, "type": "business"}
{"business_id": "eptljN50_4BpIwc2Op_A_A", "full_address": "1632 W Main St\nSun Prairie, WI 53590", "hours": {"Tuesday": {"close": "19:00", "open": "11:00"}, "Friday": {"close": "19:00", "open": "11:00"}, "Saturday": {"close": "19:00", "open": "11:00"}, "Thursday": {"close": "19:00", "open": "11:00"}, "Wednesday": {"close": "19:00", "open": "11:00"}}, "open": false, "categories": ["Delis", "Restaurants"], "city": "Sun Prairie", "review_count": 20, "name": "Deli Roma", "neighborhoods": [], "longitude": -89.241084999999998, "state": "WI", "stars": 4.0, "latitude": 43.178306900000003, "attributes": {"Take-out": true, "Wi-Fi": "no", "Good For": {"dessert": false, "latenight": false, "lunch": true, "dinner": false, "brunch": false, "breakfast": false}, "Caters": false, "Noise Level": "quiet", "Good for Kids": false, "Takes Reservations": false, "Has TV": false, "Delivery": false, "Ambience": {"romantic": false, "intimate": false, "touristy": false, "hipster": false, "divey": false, "classy": false, "trendy": false, "upscale": false, "casual": false}, "Parking": {"garage": false, "street": false, "validated": false, "lot": true, "valet": false}, "Wheelchair Accessible": true, "Outdoor Seating": false, "Attire": "casual", "Alcohol": "none", "Waiter Service": false, "Accepts Credit Cards": true, "Good For Kids": true, "Good For Groups": false, "Price Range": 1}, "type": "business"}
{"business_id": "u2suyhwZNjBkGDHKQ2uJOA", "full_address": "802 Windsor St\nSun Prairie, WI 53590", "hours": {}, "open": true, "categories": ["Videos & Video Game Rental", "Books, Mags, Music & Video", "Shopping"], "city": "Sun Prairie", "review_count": 3, "name": "Family Video", "neighborhoods": [], "longitude": -89.226642999999996, "state": "WI", "stars": 3.0, "latitude": 43.187916999999999, "attributes": {}, "type": "business"}
{"business_id": "Xp7OA8gz7zDgB3I54jyb4g", "full_address": "710 W Main St\nSun Prairie, WI 53590", "hours": {}, "open": true, "categories": ["Restaurants"], "city": "Sun Prairie", "review_count": 20, "name": "SIR Hobo's", "neighborhoods": [], "longitude": -89.2255538, "state": "WI", "stars": 3.0, "latitude": 43.182268200000003, "attributes": {"Take-out": true, "Wi-Fi": "no", "Good For": {"dessert": false, "latenight": false, "lunch": false, "dinner": false, "brunch": false, "breakfast": true}, "Noise Level": "average", "Takes Reservations": false, "Has TV": true, "Delivery": false, "Parking": {"garage": false, "street": false, "validated": false, "lot": true, "valet": false}, "Wheelchair Accessible": true, "Outdoor Seating": false, "Attire": "casual", "Ambience": {"romantic": false, "intimate": false, "touristy": false, "hipster": false, "divey": false, "classy": false, "trendy": false, "upscale": false, "casual": true}, "Waiter Service": true, "Accepts Credit Cards": true, "Good for Kids": true, "Good For Groups": true, "Price Range": 1}, "type": "business"}
{"business_id": "5uxhIGZlJm9g_zfG_83z5Q", "full_address": "2091 McCoy Rd\nSun Prairie, WI 53590", "hours": {}, "open": true, "categories": ["Chinese", "Restaurants"], "city": "Sun Prairie", "review_count": 6, "name": "Peking Chinese Restaurant", "neighborhoods": [], "longitude": -89.248245400000002, "state": "WI", "stars": 3.0, "latitude": 43.175381299999998, "attributes": {"Delivery": true, "Waiter Service": true, "Take-out": true, "Parking": {"garage": false, "street": false, "validated": false, "lot": false, "valet": false}, "Attire": "casual"}, "type": "business"}
{"business_id": "yV-eB-pQVeWE7W-WPC8BUg", "full_address": "1034 Windsor St\nSun Prairie, WI 53590", "hours": {}, "open": true, "categories": ["Diners", "Restaurants"], "city": "Sun Prairie", "review_count": 9, "name": "Prairie Diner", "neighborhoods": [], "longitude": -89.230852999999996, "state": "WI", "stars": 4.5, "latitude": 43.188071999999998, "attributes": {"Take-out": true, "Wi-Fi": "no", "Good For": {"dessert": false, "latenight": false, "lunch": false, "dinner": false, "breakfast": true, "brunch": false}, "Caters": true, "Noise Level": "average", "Takes Reservations": false, "Delivery": false, "Ambience": {"romantic": false, "intimate": false, "classy": false, "hipster": false, "divey": true, "touristy": false, "trendy": false, "upscale": false, "casual": false}, "Parking": {"garage": false, "street": false, "validated": false, "lot": true, "valet": false}, "Has TV": true, "Outdoor Seating": false, "Attire": "casual", "Alcohol": "none", "Waiter Service": true, "Accepts Credit Cards": true, "Good for Kids": true, "Good For Groups": true, "Price Range": 1}, "type": "business"}
{"business_id": "rwerz1huEtiGR97ijEYeBQ", "full_address": "Happy Valley Rd\nSun Prairie, WI 53590", "hours": {}, "open": true, "categories": ["Active Life", "Golf"], "city": "Sun Prairie", "review_count": 3, "name": "Sun Prairie Golf Course", "neighborhoods": [], "longitude": -89.226047500000007, "state": "WI", "stars": 2.5, "latitude": 43.224167799999996, "attributes": {}, "type": "business"}
{"business_id": "unMqU0OrlniCOKZIoQHb0A", "full_address": "1070 Emerald Ter\nSun Prairie, WI 53590", "hours": {}, "open": true, "categories": ["Fast Food", "Restaurants"], "city": "Sun Prairie", "review_count": 3, "name": "Kfc", "neighborhoods": [], "longitude": -89.231699000000006, "state": "WI", "stars": 1.0, "latitude": 43.186768000000001, "attributes": {"Accepts Credit Cards": true, "Wi-Fi": "no"}, "type": "business"}
{"business_id": "h_lhVizdHBJOVNAIgTB3eQ", "full_address": "1010 N Bird St\nSun Prairie, WI 53590", "hours": {}, "open": true, "categories": ["Active Life", "Gyms", "Trainers", "Fitness & Instruction"], "city": "Sun Prairie", "review_count": 7, "name": "Prairie Athletic Club", "neighborhoods": [], "longitude": -89.225559500000003, "state": "WI", "stars": 4.5, "latitude": 43.194176800000001, "attributes": {"Good for Kids": true}, "type": "business"}
{"business_id": "O9j6UX2LHdszkExzJ-v-BA", "full_address": "351 E Main St Frnt\nSun Prairie, WI 53590", "hours": {}, "open": true, "categories": ["Hair Salons", "Day Spas", "Massage", "Beauty & Spas"], "city": "Sun Prairie", "review_count": 4, "name": "McV Salon", "neighborhoods": [], "longitude": -89.212417602539091, "state": "WI", "stars": 5.0, "latitude": 43.183650496429401, "attributes": {"Parking": {"garage": false, "street": false, "validated": false, "lot": false, "valet": false}, "Accepts Credit Cards": true, "Good for Kids": false, "Accepts Insurance": false, "Price Range": 2}, "type": "business"}
{"business_id": "tZbKiggbDGeBpGnOYk0Syw", "full_address": "1905 McCoy Rd\nSun Prairie, WI 53590", "hours": {}, "open": true, "categories": ["Department Stores", "Fashion", "Shopping"], "city": "Sun Prairie", "review_count": 3, "name": "Wal-Mart", "neighborhoods": [], "longitude": -89.245981999999998, "state": "WI", "stars": 2.0, "latitude": 43.174517000000002, "attributes": {"Parking": {"garage": false, "street": false, "validated": false, "lot": true, "valet": false}, "Accepts Credit Cards": true, "Price Range": 1}, "type": "business"}
{"business_id": "MlWXHxdbIODf9GUcvUTfGQ", "full_address": "1030 Emerald Ter\nSun Prairie, WI 53590", "hours": {"Monday": {"close": "21:00", "open": "05:30"}, "Tuesday": {"close": "21:00", "open": "05:30"}, "Friday": {"close": "21:00", "open": "05:30"}, "Wednesday": {"close": "21:00", "open": "05:30"}, "Thursday": {"close": "21:00", "open": "05:30"}, "Sunday": {"close": "21:00", "open": "05:30"}, "Saturday": {"close": "21:00", "open": "05:30"}}, "open": true, "categories": ["Restaurants"], "city": "Sun Prairie", "review_count": 9, "name": "Country Cafe", "neighborhoods": [], "longitude": -89.230896099999995, "state": "WI", "stars": 3.5, "latitude": 43.1867059, "attributes": {"Wi-Fi": "no", "Good For": {"dessert": false, "latenight": false, "lunch": false, "dinner": false, "brunch": true, "breakfast": true}, "Caters": false, "Noise Level": "average", "Takes Reservations": false, "Delivery": false, "Ambience": {"romantic": false, "intimate": false, "touristy": false, "hipster": false, "divey": false, "classy": false, "trendy": false, "upscale": false, "casual": false}, "Parking": {"garage": false, "street": false, "validated": false, "lot": false, "valet": false}, "Has TV": true, "Outdoor Seating": false, "Attire": "casual", "Alcohol": "none", "Waiter Service": true, "Accepts Credit Cards": true, "Good for Kids": true, "Good For Groups": false, "Price Range": 1}, "type": "business"}
{"business_id": "yrtaaA32fCMh6A-DcGAnrg", "full_address": "315 Park St\nSun Prairie, WI 53590", "hours": {}, "open": true, "categories": ["Arts & Entertainment", "Race Tracks"], "city": "Sun Prairie", "review_count": 3, "name": "Angell Park Speedway", "neighborhoods": [], "longitude": -89.2100449, "state": "WI", "stars": 3.5, "latitude": 43.1798042, "attributes": {"Good for Kids": true}, "type": "business"}
